title,subreddit,word_count,char_count,neg_sen,pos_sen
ancho chile puree braised chicken tacos  taco tuesday ep,1,9,56,0.0,0.0
recipes for college student,1,4,27,0.0,0.0
fluffy apple roll cake,1,4,22,0.0,0.0
easy potato curry,1,3,17,0.0,0.592
budget friendly korean soft tofu stew,1,6,37,0.0,0.39
potato fries veg pizza,1,4,22,0.0,0.0
 the best sandwich ever ,1,4,24,0.0,0.583
bibingka   baked rice cake   manila philippines street food,1,8,59,0.0,0.0
japanese soy cured umami egg yolks   johnny row cooks,1,9,53,0.0,0.0
how to make the best burger buns of all time,1,10,44,0.0,0.318
creamy curry recipe,1,3,19,0.0,0.0
 kfc cheetos sandwich review,1,4,28,0.0,0.0
how to make chicken jalfrezi  indian chicken curry recipe  cook with nabeela,1,12,76,0.0,0.0
california poke bowl,1,3,20,0.0,0.0
how to make anda aloo curry  egg and potato curry recipe  cook with nabeela,1,14,75,0.0,0.0
my grandma's meatballs in tomato gravy,1,6,38,0.0,0.0
egg tarts recipe,1,3,16,0.0,0.0
 hungarian gundel pancake ,1,3,26,0.0,0.0
quick breakfast paratha making  lachha paratha at street food of karachi  paratha king,1,13,86,0.0,0.0
how to make japanese pub style fried chicken  tori no karaage   johnny row cooks,1,14,80,0.145,0.0
chicken shawarma recipe  world famous recipe  street food of karachi pakistan,1,11,77,0.0,0.0
sweet sauce sweet just like us,1,6,30,0.0,0.739
lachha paratha  paratha at cafe bhaijaan  ramadan special at street food of karachi,1,13,83,0.0,0.184
yogurt toast,1,2,12,0.0,0.0
veggie tacos recipe,1,3,19,0.0,0.0
matcha green tea blueberry crepe cake,1,6,37,0.0,0.0
flaming beef on a hot plate in vietnam at ,1,9,42,0.0,0.0
super burger and fast food  triple layer burger  bun kabab  fastest workers,1,12,75,0.0,0.262
butter vanilla cookies with jelly,1,5,33,0.0,0.0
tapioca pearls fry,1,3,18,0.0,0.0
mutton kebabs street food style,1,5,31,0.0,0.0
anday wala burger  famous bun kabab of burns road karachi,1,10,57,0.0,0.0
how to grill in under ,1,5,22,0.0,0.0
cheap meals for under  bucks for two for  days,1,9,46,0.0,0.0
 high protein pancake  with oatmeal and poppy seed,1,8,50,0.0,0.0
banana apple muffins with butter cream,1,6,38,0.0,0.0
lobster nasi lemak  mentaiko beef cubes  ramadan bazaar   singapore street food,1,11,79,0.0,0.0
microwave spicy potatoes,1,3,24,0.0,0.0
 unique food vending machine,1,4,28,0.0,0.0
what should i do with some leftover shredded chicken that got too dry,1,13,69,0.0,0.0
frugal eats help,1,3,16,0.0,0.574
daisy lemon cheesecake,1,3,22,0.0,0.0
chicken amp cheese biscuits,1,4,27,0.0,0.0
baked fish recipe,1,3,17,0.0,0.0
chicken peri peri,1,3,17,0.0,0.0
al rehman biryani  famous hyderabadi biryani  chicken biryani,1,8,61,0.0,0.0
vegan lunch and dinner recipes l easy vegan dinner recipes,1,10,58,0.0,0.266
ragda pattice street food i had yesterday,1,7,41,0.0,0.0
bacon spaghetti,1,2,15,0.0,0.0
mango juice  mango shake in just rs  street food of karachi pakistan,1,12,68,0.134,0.0
 authnetic hungarian beef goulash ,1,4,34,0.0,0.0
spicy hash browns,1,3,17,0.0,0.0
cheap amp easy slow cooker pork chops amp gravy recipe   less than  per serving,1,14,79,0.0,0.182
chicken masala recipe  how to make chicken masala curry  cook with nabeela,1,12,74,0.0,0.0
need help making not ramen,1,5,26,0.0,0.403
spicy and tangy paneer,1,4,22,0.0,0.0
vegan cauliflower recipe,1,3,24,0.0,0.0
vegetable pilau a quick and easy solution to a hungry stomach,1,11,61,0.0,0.426
jackfruit milkshake  protein kathal shake at street food of karachi,1,10,67,0.159,0.0
fluffy pancakes,1,2,15,0.0,0.0
red garlic sauce one of the best sauces i've tasted in a while,1,13,62,0.0,0.276
amritsari aloo chole,1,3,20,0.0,0.0
strawberry boston cream danish,1,4,30,0.0,0.0
mutton biryani an all time favourite,1,6,36,0.0,0.0
fish biryani divine and delicious,1,5,33,0.0,0.709
how to make chicken pakora  crispy chicken recipe  cook with nabeela,1,11,68,0.0,0.0
salted egg yolk sotong amp fish skin made in malaysia street food,1,12,65,0.0,0.0
soft milk loaf  milk bread recipe,1,6,33,0.0,0.0
cheap food at vietnam night market  ben thanh market  grilled fresh oyster  big head prawn,1,15,90,0.0,0.141
cheap street food in malaysia gigantic grilled mushrooms and doraemon bun,1,11,73,0.0,0.0
masala pav a dish of spice and taste,1,8,36,0.0,0.0
strawberry jam no pectin,1,4,24,0.423,0.0
flourless chocolate cake,1,3,24,0.0,0.0
how to make chicken tandoori  cook with nabeela,1,8,47,0.0,0.0
thandai a quick refreshing drink,1,5,32,0.0,0.0
russian chicken legs with potato grill,1,6,38,0.0,0.0
pav bhaji street food,1,4,21,0.0,0.0
creamy chicken kebabs,1,3,21,0.0,0.0
healthy chicken casserole only  per plate,1,6,41,0.0,0.351
eating cheap and easy for a couple,1,7,34,0.0,0.367
famous lassi of hyderabad  fastest lassi maker in hyderabad  lassi,1,10,66,0.0,0.0
pineapple coconut cake,1,3,22,0.0,0.0
how to make aloo pakora  potato fritters  cook with nabeela,1,10,59,0.0,0.0
spicy flattened rice,1,3,20,0.0,0.0
fried chicken biryani just delicious,1,5,36,0.0,0.481
ghousia nalli biryani  beef nalli biryani at street food of karachi pakistan,1,12,76,0.0,0.0
spring dosa quick and cheap,1,5,27,0.0,0.0
i've made roldrecipes as a place to share old family recipes and recipes from very old cookbooks like the ones found on project gutenberg please come join me   a lot of these recipes make good use of simple ingredients,1,39,218,0.0,0.279
somebodey lest their kebab and yeah i wanna eat it,1,10,50,0.0,0.216
cilantro mint rice,1,3,18,0.0,0.0
dahi batata puri famous street food,1,6,35,0.0,0.0
how to make mango kadhi an indian curry,1,8,39,0.0,0.0
indian flatbread   parotta,1,3,26,0.0,0.0
easiest and cheapest chicken lollipop,1,5,37,0.0,0.412
        quick mutton curry recipe in hindi  indian mutton curry,1,9,63,0.0,0.0
trrudi hungarian cottage cheese dessert cold snack,1,7,50,0.0,0.0
rhubarb strawberry soup recipe,1,4,30,0.0,0.0
chicken shawarma arabic style,1,4,29,0.0,0.0
tropical punch tea world famous,1,5,31,0.0,0.0
how to make chana curry  chickpea curry  cook with nabeela,1,10,58,0.0,0.0
the cheapest european chicken recipe,1,5,36,0.0,0.0
 meal that feeds family of  poor man's pigs in a blanket,1,11,56,0.256,0.0
special dum biryani an indian and pakistani special,1,8,51,0.0,0.474
one pot bacon cheeseburger macaroni   like hamburger helper but better,1,10,70,0.0,0.51
cold dessert recipe with ice cream fresh delicious and easy,1,10,59,0.0,0.56
ratatouille sort of for under ,1,5,30,0.0,0.0
vegan hot and sour soup healthy and delicious,1,8,45,0.0,0.516
russian omelet bullet,1,3,21,0.0,0.0
lime and grape cream tart,1,5,25,0.0,0.0
masala fish fry at breeze fish restaurant  crispy fired fish  delicious and spicy fish fry recipe,1,16,97,0.169,0.174
the red peanut chutney the best side dish i've come across just delicious,1,13,73,0.0,0.418
spicy shrimp with couscous quinoa salad,1,6,39,0.0,0.0
russian crispy honey glazed fried chicken,1,6,41,0.0,0.0
chocolate baskets with strawberry bananas and whip cream by chef naydenov  sushi and desserts,1,14,93,0.0,0.0
easy and quick fish curry,1,5,25,0.0,0.42
how to cook spicy masala fish curry easy recipe,1,9,47,0.0,0.266
quick amp easy chicken alfredo    minute cheap dinner,1,8,53,0.0,0.293
easy one pot cajun chicken fettuccine alfredo   great for busy weeknights,1,11,73,0.0,0.438
zebra cheesecake,1,2,16,0.0,0.0
chicken recipe in  minutes with the easiest and cheapest way ,1,10,61,0.0,0.237
how to make kfc popcorn chicken  the easiest and cheapest way,1,11,61,0.0,0.219
tiramisu cake recipe    ,1,3,24,0.0,0.0
wonderful korean chicken fryyangnyeom tongdak  tried to make it cheap,1,10,69,0.0,0.291
french macaron recipe,1,3,21,0.0,0.0
cheapest pizza recipe  sausage pan pizza,1,6,40,0.0,0.0
japchae   korea's  stir fried noodle recipe  johnny row cooks,1,9,61,0.0,0.0
easy and cheapest potatoe breakfast recipe,1,6,42,0.0,0.367
kfc fried chicken made with least ingredients but appeared better than kfc,1,12,74,0.0,0.259
cheaply and easily made meat curry by russian chef,1,9,50,0.0,0.231
meatball garlic bread,1,3,21,0.0,0.0
white sauce pasta and chicken bake creamy bechamel sauce easy steps,1,11,67,0.0,0.225
turkey steak with cheesy roasted broccoli mashed potatoes and a rosemary tarragon and cardamom chicken velout,1,16,109,0.0,0.0
ny strip carrots rice and bread,1,6,31,0.0,0.0
vanilla mango crepe cake,1,4,24,0.0,0.0
bun kabab recipe  anday wala burger  famous bun kabab on street food hyderabad,1,13,78,0.0,0.0
the cheapest eggs breakfast,1,4,27,0.0,0.0
easy strawberry pie how to make pie at home ,1,9,44,0.0,0.266
the cheapest potato recipe but so yummy,1,7,39,0.0,0.502
dal khichdi recipe with paneer an indian rice dish,1,9,50,0.0,0.0
feast fit for a king pepperoni deep dish pizza with coke,1,11,56,0.0,0.217
apple crumble cheesecake,1,3,24,0.0,0.0
halwa puri at dhamthal  best halwa puri of pakistan  nashta street food,1,12,71,0.0,0.276
kfc style fried chicken recipe,1,5,30,0.0,0.0
peach chili chicken,1,3,19,0.0,0.0
falooda recipe  ice cream falooda  royal rabri falooda,1,8,54,0.0,0.0
zucchini pizza,1,2,14,0.0,0.0
no bake chocolate cheesecake,1,4,28,0.423,0.0
people are crazy for pulao  biryani  yakhni pulao  ramzan special,1,10,65,0.183,0.206
no bake blackcurrant cheesecake recipe     ,1,5,43,0.355,0.0
zapienkanki polish open sandwich recipe  ,1,5,41,0.0,0.0
cheap amp easy enchilada casserole recipe one of our very favorite meals,1,12,72,0.0,0.382
potato garmoshkaharmonica potatoes,1,3,34,0.0,0.0
 hungarian pizza with egg on top tips healthy baking in oven,1,11,60,0.0,0.333
my tuna salad rules,1,4,19,0.0,0.0
boiled cabbage sausage and mashed potatoes,1,6,42,0.0,0.0
kunafa simple and very delicious,1,5,32,0.0,0.5
sandwich recipe for the lazy ones ,1,6,34,0.333,0.0
beef short rib sweet potato hash and spinach chimichurri cost around  and have left over sauce,1,16,94,0.0,0.167
spinach and swiss stuffed chicken,1,5,33,0.0,0.0
amazingly delicious teriyaki chicken sandwich,1,5,45,0.0,0.5
eggs breakfast the easiest method,1,5,33,0.0,0.412
halal cart style chicken and rice,1,6,33,0.0,0.0
russian style eggs with potatoestomatoes and sausages,1,7,53,0.0,0.0
don't throw out your old ripe bananas make banana bread instead,1,11,63,0.0,0.0
crispy cabbage pakora made so simple,1,6,36,0.0,0.0
russian beef liver curry,1,4,24,0.0,0.0
starting to get a hang of this healthy eating thing,1,10,51,0.0,0.281
 off your doordash delivery order dm for details,1,8,48,0.0,0.0
russian uzbeki meal kurdak,1,4,26,0.0,0.0
 semolina milk pudding     minutes high protein sweet,1,7,53,0.0,0.333
pizza master class,1,3,18,0.0,0.0
french toast recipe simple ways,1,5,31,0.0,0.0
lantern shaped eggplant,1,3,23,0.0,0.0
homemade doughnutsdonuts,1,2,24,0.0,0.0
how to make homemade smoked cheese for cheap,1,8,44,0.0,0.0
baba fish  fired fish at street food of karachi,1,9,47,0.31,0.0
easy beef tripe recipe,1,4,22,0.0,0.492
easy potato recipe,1,3,18,0.0,0.592
kachori recipe  aloo ki kachori at street food of karachi  khasta kachori,1,12,73,0.0,0.0
smoked chicken and garlic pizza,1,5,31,0.0,0.0
what can i make with what i have quinoa brown rice black beans cream of chicken cream of mushroom peascorncarrots riced cauliflowerbroccolibutternut squash butter italian style bread crumbs and spices galore,1,31,207,0.0,0.0
grilled cheese sandwich with parmesan crust sandwich casero,1,8,59,0.0,0.0
where can i buy a big thing of ramen noodle cups that would last me a week,1,17,74,0.0,0.0
taco salad,1,2,10,0.0,0.0
easy and quick recipe pasta in one pot,1,8,38,0.0,0.293
kfc spicy chicken fry,1,4,21,0.0,0.0
cheap and easy pasta salad,1,5,26,0.0,0.42
indian flat bread  made easy,1,5,28,0.0,0.42
what can i make out of hot dog broth,1,9,36,0.0,0.0
fluffy russian pancakes   oladushki recipe,1,5,42,0.0,0.0
pan baked chicken thighs,1,4,24,0.0,0.0
paratha roll  kabab paratha roll  paratha restaurant  street food,1,9,65,0.0,0.0
haji mehfooz sheermal house  best sheermal roti  naan roti,1,9,58,0.0,0.344
homemade oven   roasted chicken leg quarters recipesuper easy and very delicious,1,11,80,0.0,0.434
ramen kings who eat  bowls everyday secret recipe from shin ramyun black developers,1,13,83,0.0,0.0
fried chicken made simple,1,4,25,0.0,0.0
dulhan paratha  famous paratha of hyderabad  parath recipe  chicken paratha,1,10,75,0.0,0.0
bacon wrapped chicken cordon bleu,1,5,33,0.0,0.0
c  grilled fish made easy,1,5,25,0.0,0.492
back at it agin with the hollowed out bread this time with fish and romaine lettuce,1,16,83,0.0,0.0
kfc style popcorn chicken,1,4,25,0.0,0.0
make delicious and tasty strawberry crumble recipe,1,7,50,0.0,0.381
big meal small price  the jar of sauce   chicken breast  express rice  peppers onions spinach  meal   this is in euro by the way ,1,23,129,0.0,0.0
pasta with lanchon and cheese  ready in less  minutes,1,9,53,0.0,0.238
masala fish fry  made easy,1,5,26,0.0,0.42
senate bean soup,1,3,16,0.0,0.0
spicy chicken over mashed potatoes super cheap and easy,1,9,55,0.0,0.493
falafel recipe,1,2,14,0.0,0.0
curry kidney beans w rice,1,5,25,0.0,0.0
cheaper than a restaurant more expensive than a tv dinner,1,10,57,0.0,0.0
catfish curry made easy by russian chef,1,7,39,0.0,0.326
lentil recipe made easy,1,4,23,0.0,0.492
broke college hot dog food item,1,6,31,0.359,0.0
crispy fried chicken recipe homemade,1,5,36,0.0,0.0
rice and fried cabbage  eurocent per serving without  with joghurt,1,10,66,0.0,0.0
karachi ice cream  jumbo ice cream cone  best ice cream of karachi pakistan,1,13,75,0.0,0.259
efficiency is everything the cookbook,1,5,37,0.0,0.385
ginger chicken   text recipe in the comments,1,7,44,0.0,0.0
a delicious wrap under  calories with  grams of protein  lose weight ,1,11,69,0.188,0.257
meal prep baked chicken breasts,1,5,31,0.0,0.0
homemadelazy cake,1,2,17,0.0,0.0
perogies caramelized onions with a salad for only  a person,1,10,59,0.0,0.0
the best budget air fryers   simple way to make healthy cheap food taste delicious,1,14,82,0.0,0.491
minced meat potato and eggplantvery easy and delicious,1,8,54,0.0,0.524
cheap and easy to make healthy vegan wraps,1,8,42,0.0,0.483
mashed potato fritters tortitas de papa,1,6,39,0.0,0.0
homemade rice with beef and carrot rice pilaf,1,8,45,0.0,0.0
pan fried steak i picked up for  and scrambled eggs with melted white american,1,14,78,0.0,0.0
bbq grilled pomfret fish in  per kg and bbq grilled prawn in  per kg,1,14,68,0.0,0.0
spicy chicken gravy made ridiculously simple,1,6,44,0.324,0.0
buttermik chicken biryani made easy,1,5,35,0.0,0.42
lasagna,1,1,7,0.0,0.0
karachi beef burger  price is  cent only,1,7,40,0.0,0.0
homemade crispy fried chicken,1,4,29,0.0,0.0
let's make egg bread sandwiches video recipe   these sandwiches are made with simple ingredients and they are really tasty what do you think about this recipe ,1,26,159,0.0,0.0
how to make corn milk,1,5,21,0.0,0.0
fried fish with a sweet and sour sauce,1,8,38,0.0,0.333
hommade easy mexican chicken recipe,1,5,35,0.0,0.42
indian rajma masala curry recipe,1,5,32,0.0,0.0
homemade meatballs,1,2,18,0.0,0.0
beef bolognese,1,2,14,0.0,0.0
spicy indian pepper chicken recipe,1,5,34,0.0,0.0
fried rice with egg,1,4,19,0.0,0.0
my friend got a new camera during christmas so we decided to start a youtube channel i hope we can share on of our videos with you would love to know what you guys think the camera cost  but at least this pasta cost us  per serving to make,1,49,239,0.0,0.164
homemade pasta with bechamel,1,4,28,0.0,0.0
cheese bread palitos de queso,1,5,29,0.0,0.0
crispy fried shrimp,1,3,19,0.0,0.0
spicy indian paneercottage cheese easy recipe,1,6,45,0.0,0.367
and i have half a can of sardines left over so this probably cost around a buck buck and a quarter,1,21,98,0.0,0.0
korean chicken fryyangnyeom tongdak made easy,1,6,45,0.0,0.367
sardines   delicious indian fish curry recipe,1,6,45,0.0,0.425
european vegetable salad,1,3,24,0.0,0.0
masala fish fry and fish market vlog in russia,1,9,46,0.0,0.0
coleslaw made easy,1,3,18,0.0,0.592
fancy ramen serving,1,3,19,0.0,0.0
stir fry noodles,1,3,16,0.0,0.0
russian pilaf made easy and funny,1,6,33,0.0,0.592
making tofu dim sum with simple ingredients recipe in the comment,1,11,65,0.0,0.0
this pasta is made delicious with mostly items you probably already have i only bought the kroger brand swedish meatballs which is  for a big bag i had angel hair on hand already but a box obky cost about  here if you dont already had butter shaker parmesan and parsly,1,50,268,0.0,0.092
fill your mushrooms and make tasty appetizersnack rellena los sombreros,1,10,71,0.0,0.0
cow intestines recipe by russian chef,1,6,37,0.0,0.0
cheap oats recipes from horrible no taste to amazing taste,1,10,58,0.345,0.23
japanese curry ,1,2,15,0.0,0.0
russian chef made spicy fish curry,1,6,34,0.0,0.0
asian lettuce wraps,1,3,19,0.0,0.0
please take this survey for a food delivery concept for a school design project not collecting emails anonymous thanks,1,19,118,0.0,0.257
buttermik fried chicken  made easy,1,5,34,0.0,0.42
crispy oven baked potato wedges papas al horno,1,8,46,0.0,0.0
this belongs in the cheap eats olympics,1,7,39,0.0,0.0
shiny chocolate glaze recipe easy to make at home for a mirror cake step by step,1,16,80,0.0,0.172
fish with potato curry   the simplest way,1,7,41,0.0,0.0
how to make a delicious baked spaghetti casserole,1,8,49,0.0,0.381
rice with milk and pudding orange,1,6,33,0.0,0.0
chicken in oven with achiote paste pollo al achiote,1,9,51,0.0,0.0
college student makes avocado egg with toast,1,7,44,0.0,0.0
making a delicious salad in  seconds,1,6,36,0.0,0.481
paratha and omelet recipe  quick breakfast paratha making  street food of karachi,1,12,81,0.0,0.0
how to make desi chinese maggi noodles  quick maggi recipe        ,1,10,66,0.0,0.0
college student makes zucchini pasta,1,5,36,0.0,0.0
delicious strawberry bavarois on sponge cake,1,6,44,0.0,0.425
russian food macaroni with vegetables made easy,1,7,47,0.0,0.326
kraut burgers grilled chicken patties covered with homemade purple sauerkraut and wrapped in italian bread dough then baked cheap tasty and portable,1,22,148,0.0,0.0
biscuits bisquets caserosmuy faciles,1,4,36,0.0,0.0
baked lemon chicken thighs,1,4,26,0.0,0.0
fast food ad vs reality experiment,1,6,34,0.0,0.0
cheap meals for every one,1,5,25,0.0,0.0
bought a cheap turkey after christmas turk for days,1,9,51,0.0,0.0
yummy and easy italian pasta salad,1,6,34,0.0,0.612
yakimeshi fried rice   the best fried rice you'll ever make at home,1,12,67,0.0,0.276
how to make sheermal roti,1,5,25,0.0,0.0
healthy homemade carrot juice with yogurt,1,6,41,0.0,0.351
yummy homemade breaded fish whiting fillets,1,6,43,0.0,0.405
cheapest japanese instant food to eat,1,6,37,0.0,0.0
how to make a delicious baked spaghetti casserole,1,8,49,0.0,0.381
please ignore our rd roommates garbage on my coffee table,1,10,57,0.195,0.18
fish head curry made really simple,1,6,34,0.0,0.0
chicken with potato curry simply made,1,6,37,0.0,0.0
the frugal discord,1,3,18,0.574,0.0
pulled pork in slow cooker is surprisingly cheap cost me  lots of left overs,1,14,76,0.0,0.145
rabbit stew rabbit is as much as a  bullet if u already have hunting license  carrots potatoes celery and onions,1,20,112,0.0,0.0
perfect chocolate covered strawberry ice cream bars,1,7,51,0.0,0.381
creamy zucchini potato gratin zucchini dauphinoise,1,6,50,0.0,0.219
ramen   poached eggsreally easy i nailed it on my first try,1,11,59,0.0,0.244
how to cook simple amp tasty desi chinese maggi noodles        ,1,10,63,0.0,0.0
how to make a perfect french crepes with strawberries for kids,1,11,62,0.0,0.291
spicy masala fish curry made easy,1,6,33,0.0,0.367
beef gyudon yoshinoya recipe   way better than yoshinoya,1,8,56,0.0,0.293
new amp tasty maggi arrabbiata    maggi arrabbiata,1,7,50,0.0,0.0
best homemade croquette potatoes,1,4,32,0.0,0.583
traditional shrimp curry or malaikari  made easy,1,7,48,0.0,0.326
spaghetti neapolitan ketchup spaghetti   four ingredients that you definitely havecan easily substitute,1,12,103,0.0,0.338
yummy spaghetti with tomato sauce carrots and marjoram,1,8,54,0.0,0.327
black bean soup  cents for black beans rinse and blend with some tomato paste or half cup salsa is best then heat and done  meal,1,25,128,0.0,0.149
leek and potato soup,1,4,20,0.0,0.0
loaded potato bites,1,3,19,0.0,0.0
cheap football dip,1,3,18,0.0,0.0
this looks pretty cheap but so so good check out this spanish style chicken and rice recipe,1,17,91,0.0,0.34
cheap,1,1,5,0.0,0.0
fast and cheap chinese fried noodles,1,6,36,0.0,0.0
mississippi pot roast,1,3,21,0.0,0.0
quick and easy butter chicken,1,5,29,0.0,0.42
the simplest method of making buttermik chicken biryani,1,8,55,0.0,0.0
mother in law gave us a giant can of received beans any ideas on how we can use this up,1,20,87,0.0,0.0
the cheapest method of making russian meat dumplings,1,8,52,0.157,0.0
chicken steamed in banana leaves garang asem,1,7,44,0.0,0.0
have some left over noodles laying around you can make a fast easy and cheap meal with any ingredients you like,1,21,111,0.0,0.231
spicy street vapa pitha only  dollar,1,6,36,0.0,0.0
homemade white chicken chili,1,4,28,0.0,0.0
pad thai oatmeal lt microwave only,1,6,34,0.0,0.0
village style crispy coriander fry ultimate street food,1,8,55,0.0,0.0
fast simple amp taty char kuey teow in kuala lumpur for usd ,1,12,60,0.0,0.0
amazing cooking skills  burger making  bun kabab street food of hyderabad,1,11,73,0.0,0.275
simple croquette recipe,1,3,23,0.0,0.0
russian kids trying to make the simplest kfc chicken fry recipe,1,11,63,0.0,0.0
simplestcheapest way of making spicy kfc chicken,1,7,48,0.0,0.0
my latest cooking tutorial breakfast beans ,1,6,43,0.0,0.0
grilled stuffed jalapenos  full recipe  easy to make easy to eat,1,11,64,0.0,0.392
how to cook yellow rice nasi kuning,1,7,35,0.0,0.0
olive garden zuppa toscana soup using the instant pot,1,9,53,0.0,0.0
so yummy chicken cheese cutlet ,1,5,31,0.0,0.48
crispy fired fish  fish fry at karachi street food,1,9,50,0.31,0.0
the simplest way of making fish finger fish popcorn recipe,1,10,58,0.0,0.0
mutton curry without onions  simple indian mutton curry recipe  easy mutton recipes,1,12,83,0.0,0.209
cheapest simple whole food meals,1,5,32,0.0,0.0
home made pan pizza,1,4,19,0.0,0.0
capsicum curry  capsicum masala curry  simple capsicum curry,1,8,60,0.0,0.0
angry burger bun kabab at street food of karachi  burger king,1,11,61,0.248,0.0
what would be the basic cooking essentials,1,7,42,0.0,0.0
peanut chikki at street food of karachi pakistan,1,8,48,0.0,0.0
marbles guliyochristmas sweets  mangalorean kuswar,1,5,50,0.0,0.444
how to cook ridiculously simple quick and easy spicy chicken gravy,1,11,66,0.168,0.203
best recipe,1,2,11,0.0,0.808
special chicken charga at street food of karachi pakistan,1,9,57,0.0,0.252
namak pare recipe  how to make pakora  street food,1,9,50,0.0,0.0
x post from rindianfood indian recipe  budget meal  paneer bhurji dhaba style  indian style cottage cheese,1,16,106,0.0,0.0
fast and cheap at home meal,1,6,27,0.0,0.0
experiences with managers specials at grocery stores because of food nearing expiration,1,12,87,0.0,0.0
special egg burger  bun kabab,1,5,29,0.0,0.403
how to make biscuit  full recipe,1,6,32,0.0,0.0
how to make french fries  big chips recipe,1,8,42,0.0,0.0
garlic oatmeal ala garlic bread costs  and takes  minutes in the microwave,1,12,74,0.0,0.0
chicken shawarma recipe  how to make shawarma  street food,1,9,58,0.0,0.0
winter recipes  chicken corn soup in winter  street food of karachi pa,1,12,70,0.0,0.0
veg amp tasty maggi arrabbiata    maggi arrabbiata,1,7,50,0.0,0.0
luffa soup recipe,1,3,17,0.0,0.0
iconic fish and chips coming in at a solid  per portion or even cheaper depending on what fish you get,1,20,102,0.0,0.082
easy fried cheese balls recipe with only two ingredients  peanut dip dip is optional bolitas de queso fritas muy fciles,1,20,119,0.0,0.132
whats your favorite christmas eve easy meal we usually make chili but i want to do something else this year i know its early just want to get some ideas,1,30,152,0.0,0.222
easy stuffed baked potatoes filled with hamspring onion and cheese papas rellenas gratinadas,1,13,92,0.0,0.195
kofta arayes  kofta bil khobaz recipe,1,6,37,0.0,0.0
osaka dontonbori rice bowls nikugekijou,1,5,39,0.0,0.0
catch n' cook a largemouth bass over an open fire catch clean cook freshwater fish,1,15,82,0.14,0.158
about usd  for  piece of of butter naan a type of flatbread and a lamb shish kebab in kuala lumpur,1,20,98,0.0,0.0
savory chicken amp onion gravy over white rice,1,8,46,0.0,0.0
cooking meat in the wild snow eating delicious,1,8,46,0.0,0.346
crispy french fries street food of karachi pakistan please like share amp subscribe to my channel ''afssa foods'' httpsyoutubesjrouwsw thank you ,1,21,145,0.0,0.358
 plates in  pakistani chana chaat street food,1,7,45,0.0,0.0
better than takeout   easy and cheap egg drop soup in  ways,1,11,59,0.132,0.365
and you thought peanut butter amp jelly was cheap,1,9,49,0.0,0.0
how to make chicken spring roll and samosa full recipe  street food of pakistan,1,14,79,0.0,0.0
my mom makes the best kimbap in korea,1,8,37,0.0,0.375
x post from rcooking how to cook a meal out of anything in your kitchen,1,15,71,0.0,0.0
pasta with chicken vegetables and curry sauce,1,7,45,0.0,0.0
pan de muerto bread of the dead,1,7,31,0.417,0.0
spicy chicken liver masala recipe,1,5,33,0.0,0.0
chana chaat  street food of hyderabad  chana chaat recipe  papri chaat,1,11,70,0.0,0.0
cheap pinto bean and cheese burritos about  cents per burrito,1,10,61,0.0,0.0
tasty maggi masala noodles  light on budget,1,7,43,0.0,0.0
muffins with chocolate chips i fill with nutella but this is optional muffins de vainilla con chips de chocolate ,1,19,113,0.0,0.0
how to make spaghetti aglio e olio,1,7,34,0.0,0.0
cheap amp easy  step dessert recipe   lip smacking malai  paneer ladoo ,1,11,71,0.0,0.225
easy halloween korean recipe hobakjuk pumpkin soup,1,7,50,0.0,0.326
quick and easy potato and egg butter toast sandwich,1,9,51,0.0,0.266
 korean side dishes,1,3,19,0.0,0.0
quick and easy vegetable fried rice,1,6,35,0.0,0.367
super easy amp delicious low carb wraps made with basic ingredients yummy,1,12,73,0.091,0.604
mixed gravy manchurian pasta,1,4,28,0.0,0.0
the ultimate mediterranean nachos,1,4,33,0.0,0.0
these only cost ampwrapand they tasted just like what you get at delis,1,13,70,0.0,0.172
better than the box homemade cheeseburger macaroni hamburger helper,1,9,67,0.0,0.431
how to make pumpkin pasta   jak zrobi makaron z dyni,1,10,52,0.0,0.0
easy bulgogi recipe,1,3,19,0.0,0.592
miniature cooking spaghetti arrabiata   ,1,4,40,0.0,0.0
indian pancake  thosai masala  masala dosa or masale dose,1,9,57,0.0,0.0
tasty egg masala recipe ,1,4,24,0.0,0.0
soft chewy peanut butter cookies  ingredients cost  each,1,8,56,0.0,0.0
chicken malai curry  chicken with coconut milk curry  authentic indian cooking,1,11,78,0.0,0.0
people are crazy for black chickpeas  kala chana,1,8,48,0.255,0.0
easy homemade chicken biryani,1,4,29,0.0,0.492
idli dosa batter recipe for soft idli amp crispy dosa ,1,10,54,0.0,0.0
how to make hummus besides main ingredients i also added cashew nuts as delicious twist como hacer hummus,1,18,105,0.11,0.176
omaj potage an ethnic potage of east azerbaijan,1,8,47,0.0,0.0
easy korean rice cake basically delicious playdoh,1,7,49,0.0,0.569
how to make autumn squash soup   jak zrobi jesienn zup dyniow,1,11,61,0.0,0.0
chicken dosa  madurai kari dosai  chicken masala dosa recipe ,1,9,61,0.0,0.0
soya chunks curry  high protein food  cheap and delicious ,1,9,58,0.0,0.316
paratha  aloo anda cheese paratha  street food of karachi pakistan,1,10,66,0.0,0.0
sohan,1,1,5,0.0,0.0
spicy spanish tuna cakes with garlic yogurt aioli,1,8,49,0.0,0.0
potato amp rice cutlets with leftover rice cheap and easy to make recipe,1,13,72,0.0,0.195
super chewy spicy fried fish ball at chatuchak market,1,9,53,0.0,0.328
mexican style red enchiladas enchiladas rojas estilo mexicano,1,8,61,0.0,0.0
shredded chicken masala  pichupotta chicken recipe ,1,6,51,0.0,0.0
shishandaz gilani,1,2,17,0.0,0.0
i believe this is sometimes called hoosier hash,1,8,47,0.0,0.0
baghla ghatagh stew,1,3,19,0.0,0.0
 in   mashed potatoes  cheese  egg scrambled  only ,1,7,51,0.0,0.0
kashmiri dum aloo  baby potato curry  indian vegetarian recipe,1,9,62,0.0,0.0
rhubarb syrup healthy beverage,1,4,30,0.0,0.474
chicken marsala over white rice,1,5,31,0.0,0.0
how to make hungarian langosz   jak zrobi wgierski langosz,1,9,58,0.0,0.0
breakfast food   fluffy pancake rolls amp butterfly dough fritters,1,9,66,0.0,0.0
korean pork bbq recipe,1,4,22,0.0,0.0
spicy red chilli  garlic chutney recipe for idli dosa ,1,9,54,0.0,0.0
vegetable leftover rice  quick and tasty recipe,1,7,47,0.0,0.0
beef satay recipe sate maraggi,1,5,30,0.0,0.0
quick and tasty masala chilla  spicy vegetable pancake,1,8,54,0.0,0.0
a berliners guide to dner kebab berlins  budget street food,1,10,59,0.0,0.0
bangkok bbq manual machine pressed cuttlefish,1,6,45,0.0,0.0
fried chicken with extremely spicy chilli paste sambal sambal is made entirely with birds eye chilli,1,16,100,0.0,0.0
quick and easy breakfast poha  flattened rice  chirer pulao recipe,1,10,66,0.0,0.244
 asia food tupat tahu magelang english recipe,1,7,45,0.0,0.0
chapathi kurma recipe  white kurma  coconut curry  veg kuruma recipe ,1,10,69,0.0,0.0
spanish empanadas with roasted peppers amp goat cheese,1,8,54,0.0,0.0
how to make chicken amp tomato pasta   jak zrobi makaron z kurczakiem i p,1,14,73,0.0,0.0
aloor dum bengali recipe   spicy mini potato curry   dum aloo   authentic recipe,1,12,80,0.0,0.0
chewy purple sweet potato balls    thailand street food,1,8,55,0.0,0.3
 minute raita recipe  mixed vegetable raita  yogurt salad ,1,8,58,0.0,0.0
homemade paneercheese that doesn't melt super cheap amp easy only  ingredients,1,11,78,0.209,0.193
homemade easiest potato fry recipe,1,5,34,0.0,0.412
vietnamese pancake made from rice flour crepas crujientes estilo vietnam,1,10,72,0.0,0.0
matar paneer recipe  cottage cheese and green peas recipe,1,9,57,0.0,0.0
gola kabab   seekh kabab   beef boti more then  kilo beef kabab made,1,12,68,0.0,0.0
cheap and easy russian gravy beef goulash,1,7,41,0.0,0.326
chicken karahi food street pakistan karachi  half kg karahi price is ,1,11,69,0.0,0.0
best and tasty street food in karachi pakistan is chana chaat or papri chaat,1,14,76,0.0,0.244
how to make plum amp almond cake   jak zrobi ciasto liwkowe z migdaami,1,13,70,0.0,0.0
popular singapore street dessert,1,4,32,0.0,0.483
stir fry rice noodles  singapore style noodles  easy to cook delicious noodles,1,12,78,0.0,0.398
homemade easy french toast recipe  how to make a perfect french toast breakfast,1,13,79,0.0,0.398
falafel with yogurt sauce receta de falafel,1,7,43,0.0,0.0
delicious mutton gravy indian bengali delicacy,1,6,46,0.0,0.425
stuffed mushrooms with spanish romesco sauce,1,6,44,0.0,0.0
oh my,1,2,5,0.0,0.0
mini tart filled with chocolatecheese and lemon we are using cookies and walnuts as crustcupcakes de pay de limon y chocolate blanco,1,22,132,0.065,0.0
easy quick and simple pasta,1,5,27,0.0,0.42
 cheap meals in toronto,1,4,23,0.0,0.0
anda paratha  paratha at street food of karachi pakistan part ,1,10,62,0.0,0.0
mexican style horchata with melon balls and chopped walnuts for extra flavor horchata de arroz,1,15,94,0.0,0.0
special egg burger   price   per burger,1,6,39,0.0,0.351
my favorite food as a kid the simple elegant bologna and mustard sandwich i still eat them theyre still just as good and adding other things ruins it,1,28,149,0.086,0.265
refreshing roast beef coleslaw roll,1,5,35,0.0,0.0
raspberries filo rolls rollitos de frambuesa con queso,1,8,54,0.0,0.0
basa onion fish curry  authentic bengali recipe,1,7,47,0.0,0.0
malaysian preferred choice for lunch nasi campur,1,7,48,0.0,0.0
by adding cinnamon and sugar to the surface of your pancakes you can caramelize the sugar directly onto the surface making for a delicious crunchy treat,1,26,152,0.0,0.218
super crispy chicken fingers tiras de pollo crujientes,1,8,54,0.0,0.358
bread upma   easy to make homemade breakfast recipe,1,8,51,0.0,0.293
russian gravy beef goulash made easy,1,6,36,0.0,0.367
how to make potato pancakes   jak zrobi placki ziemniaczane z cukini i,1,12,70,0.0,0.0
coconut bars with chocolateorhmbounty chocolate bar barritas de coco y chocolate,1,11,80,0.0,0.0
x post thai red curry cheaplazydamn good,1,7,40,0.0,0.367
fast breakfast meal   grilled sausage cheese burger bun with shaved ice chendol drink,1,13,85,0.0,0.0
mango lassi   mango yogurt smoothie   the refreshing summer drink to beat the heat,1,13,82,0.0,0.0
how to make delicious milk rolls   jak zrobi przepyszne bueczki mleczne,1,11,71,0.0,0.27
cheesy chicken reshmi kebab in a pan   authentic recipe   easy home cooking,1,12,75,0.0,0.225
simple pie with spinach and cheese using filo pastry sheets pay de queso con espinacas,1,15,86,0.091,0.0
how to make shakshuka   jak zrobi szakszuk,1,7,42,0.0,0.0
aloo paratha   potato stuffed bread   how to cook   authentic indian cooking,1,11,76,0.0,0.0
famous japanese stuffed pancake   obanyaki,1,5,42,0.0,0.0
microwave steamed shrimp in a bowl   easy home cooking   authentic indian recipe,1,12,80,0.0,0.225
cheesy garlic bread supreme   cheap and quick home made pizza bites ,1,11,68,0.0,0.265
eating at  years old kopitiam coffee shop,1,7,41,0.0,0.0
chicken cheese tikka   easy cooking,1,5,35,0.0,0.42
butter masala dosa chicken tikka boti sav puri pani puri shawarma at thaliland,1,13,78,0.0,0.0
how to make chinese style fries   jak zrobi frytki po chisku,1,11,60,0.265,0.0
artichoke hearts with spicy tomato sauce   cheap to make and loaded with flavor,1,13,79,0.0,0.0
tasty thai roti banana and egg,1,6,30,0.0,0.0
egg  chilli sandwich  bun kabab  just ,1,6,38,0.0,0.0
al rehman biryani   per plate chicken ,1,6,38,0.0,0.0
quick and delicious fig butter burger,1,6,37,0.0,0.425
total bill was  for six of us but we had to queue and hour for this food in penang malaysia,1,20,91,0.0,0.0
traditional way muri making process by village women,1,8,52,0.0,0.0
puffed rice vs ragi murukku awesome evening snacks,1,8,50,0.0,0.369
wow so simple and cheap penne pasta recipe,1,8,42,0.0,0.352
pakistan's famous street food bun kabab,1,6,39,0.0,0.0
upgrade your noodle dishes with real pork bone broth organic pork bones about  lb,1,14,81,0.0,0.0
green fish curry by russian chef look is not everything but taste is,1,13,68,0.0,0.0
pan seared tuna steaks with spanish olives amp herbs,1,9,52,0.0,0.0
ridiculously simple spicy chicken gravy,1,5,39,0.375,0.0
traditional fish head curry,1,4,27,0.0,0.0
ridge gourd rice with potato frywho like variety rice easy  simple amp healthy,1,13,78,0.0,0.448
low budget red beans and rice   serving,1,7,39,0.259,0.0
russian donuts  min donuts recipe ponchiki,1,6,42,0.0,0.0
potatoaloo patra indian snack recipe,1,5,36,0.0,0.0
korean seaweed soup and egg fried rice   quick and easy lunch,1,11,61,0.0,0.225
how to make rice flour roti village style,1,8,41,0.0,0.0
pickled eggs make a great snack and are easy to make,1,11,52,0.0,0.467
ohso easyshrimp curry or malaikari,1,5,34,0.0,0.0
next time you grill or bbq use the residual charcoal heat to make something for another day finished grilling some th of july nathan's dogs now cover for a couple hours for roasted tomatillo salsa for later this week,1,39,216,0.0,0.0
cooking chicken curry recipe village style by my mother,1,9,55,0.0,0.0
easy shrimp salad sencillisima ensalada de camaron,1,7,50,0.0,0.326
oh so yummy  russian dessert sherbet and less ingredients plus cheap in cost,1,13,76,0.0,0.235
japanese pork belly ramen   quick easy amp under ,1,8,49,0.0,0.293
how to open coconut by  years old village kid,1,9,45,0.0,0.0
instant  cheap amp easy snacks with more healthy and yummy tasty,1,11,64,0.0,0.544
cheap ingredients but full of health benefits simple lentil stew,1,10,64,0.0,0.274
don't need to go to kfc anymore cheaply made kfc style popcorn chicken,1,13,70,0.0,0.0
cheap and quick fish curry recipe,1,6,33,0.0,0.0
sticky rice and coconut milk cooked inside bamboo,1,8,49,0.0,0.0
guacamole with chickpeas and oven baked tortilla chips   guacamole con garbanzo y totopos al horno,1,15,98,0.0,0.0
time saving and easy fish finger fish popcorn recipe,1,9,52,0.0,0.266
tasty chicken maharani without masala power,1,6,43,0.0,0.0
paratha roll  kabab paratha roll   street food of karachi pakistan,1,10,66,0.0,0.0
fish fillets wrapped in banana leaf or aluminum foil cooked on stove and easy to do also perfect for camping to cook on barbecue  pescado en hoja de platano,1,29,156,0.0,0.196
instant coconut fry homemade,1,4,28,0.0,0.0
luqman samosa house  muslim street food of karachi pakistan  ramadan special,1,11,76,0.0,0.213
skillet summer squash,1,3,21,0.0,0.0
easy to make spicy garlic mushrooms,1,6,35,0.0,0.367
enchiladas with chileajo mole a traditional mexicanoaxaca dish,1,8,62,0.0,0.0
i had this spanish mackerel in seoul and it was amazing,1,11,55,0.0,0.297
stir fried pad thai chicken noodles  fried rice noodle with chicken,1,11,67,0.0,0.0
protein milk shake   full loaded of dry fruits,1,8,46,0.195,0.0
cheap high nutrient food,1,4,24,0.0,0.0
creamy cheesy and crunchy angel hair pasta,1,7,42,0.0,0.0
super simple tomato sauce pasta,1,5,31,0.0,0.494
how to make pizza without an oven   homemade stove top pizza   inexpensive and easy,1,14,83,0.0,0.281
wholesome beef and veggie porridge for under ,1,7,45,0.0,0.0
street food roti kirai  roti jala net crepes,1,8,44,0.0,0.0
amazingly tasty handmade pan fried vegetable buns,1,7,49,0.0,0.0
oven roasted baby potatoes with sea salt amp rosemary,1,9,53,0.0,0.0
tarbooz ka sharbat  watermelon juice  street food of karachi pakistan,1,10,69,0.0,0.0
healthy cauliflower paella recipe under ,1,5,40,0.0,0.403
chicken shashlik with basil,1,4,27,0.0,0.0
easy penne pasta with tuna amp tomato sauce,1,8,43,0.0,0.293
mexican tortilla soup sopa de tortilla mexicana o sopa azteca,1,10,61,0.0,0.0
fried chicken with honey,1,4,24,0.0,0.0
cold radish soup,1,3,16,0.0,0.0
fried cabbage sausage and onions about  per serving and tasty,1,10,61,0.0,0.0
spanish churros with homemade chocolate sauce,1,6,45,0.0,0.0
a simple and cheap baked chicken and rice dish,1,9,46,0.0,0.0
easy to make lava cake pastel lava,1,7,34,0.0,0.326
charro beans a meal in a bowl with instant pot and crockpot directions,1,13,70,0.0,0.0
mini kibinas from layered dough,1,5,31,0.0,0.0
diagonally cut sandwiches taste better,1,5,38,0.263,0.362
authentic and easy refried beans in your crockpot instant pot or slow cooker,1,13,76,0.0,0.195
split this monster burrito for a massive  chipotle burrito,1,9,58,0.0,0.0
shermaal roti sweet flatbread  is most eatable flatbread in pakistan,1,10,68,0.0,0.25
penn station diy philly cheesesteaks,1,5,36,0.0,0.0
gluten free almond cookies with  ingredients  galletas de almendra con  ingredientes y sin gluten,1,14,97,0.201,0.184
budget beef burritos   novice aussie,1,5,36,0.0,0.0
hey rcheapmeals i'm eating a can of cranberry sauce with berries and have a second can the included recipe wants jello which i don't have and sour cream which i don't like how can i spice up my dinner,1,39,200,0.06,0.0
simple amp delicious oatmeal,1,4,28,0.0,0.552
tilapia is an easy affordable and healthy fish this one pan meal is healthy and easy on the budget,1,19,98,0.0,0.427
super cheap game day chili  feeds  people,1,7,41,0.0,0.394
homemade roasted tomato and garlic soup,1,6,39,0.0,0.0
puff pastry appetizer  hojaldres saladitos volovanes,1,6,52,0.0,0.0
uncommon cow intestine cooking at night village style food cooking by my mother,1,13,79,0.0,0.0
spicy chicken quarters,1,3,22,0.0,0.0
lunch time,1,2,10,0.0,0.0
i'm on the road a lot and need to save money rather than eating out what would some good work meals be that dont need to be refrigerated or heated up,1,31,149,0.0,0.179
spicy spanish garlic shrimp   gambas al pil pil,1,8,47,0.0,0.0
chicken shashlik from the oven,1,5,30,0.0,0.0
easy to make tasty baked garlic chicken wings  full recipe,1,10,58,0.0,0.244
chicken steaks,1,2,14,0.0,0.0
oven roasted chickpeas sweet or spicy,1,6,37,0.0,0.375
skewered chicken kebabs part  the kebabs themselves,1,7,51,0.0,0.0
crepe with salmon,1,3,17,0.0,0.0
chicken with chickpeas,1,3,22,0.0,0.0
coconut barfi   not so traditional,1,5,34,0.0,0.0
authentic spanish horchata   horchata de chufa,1,6,46,0.0,0.0
mutton kosha recipe slow cooked mutton curry with english subtitles,1,10,67,0.0,0.0
never dismiss the classics blt with fresh mozzarella  total because clearance is life,1,13,85,0.0,0.161
chicken with pineapples and celery,1,5,34,0.0,0.0
one pot marsala pasta frugal easy and fast,1,8,42,0.0,0.293
eat the rainbow  rainbow patishapta,1,5,35,0.0,0.0
rainbow cheese toastie,1,3,22,0.0,0.0
tadka dal recipe indian lentils recipe vegetarian one pot easy recipe with english sub,1,14,86,0.0,0.182
vegan savory breakfast,1,3,22,0.0,0.0
prawnshrimp curry  indian spicy prawn curry recipe w english sub,1,10,64,0.0,0.0
simple veg maggi recipe for breakfast,1,6,37,0.0,0.0
lace pancake stuffed with pulled mutton,1,6,39,0.0,0.0
aloo paratha   no stuffing easy recipe  indian flat bread with potato filling recipe w english sub,1,16,98,0.122,0.16
paneer curry with coconut milk recipe  indian cottage cheese curry recipe  w english sub,1,14,88,0.0,0.0
super easy cheap soda bread recipe in comments,1,8,46,0.0,0.531
squid salad,1,2,11,0.0,0.0
grilled sweet potatoes with garlic yogurt aioli,1,7,47,0.0,0.333
coconut porridge,1,2,16,0.0,0.0
buckwheat porridge with mushrooms,1,4,33,0.0,0.0
not potato salad,1,3,16,0.0,0.0
gnocchi with cheese,1,3,19,0.0,0.0
seared tuna steaks with mustard amp thyme,1,7,41,0.0,0.0
french fries potato fries chips with different flavors,1,8,54,0.0,0.0
chicken paratha roll and chicken burger at hot amp arabic food point,1,12,68,0.0,0.0
 food vermicelli and tofu salad ketoprak,1,6,40,0.0,0.0
vegan banana bread recipe,1,4,25,0.0,0.0
big bad blooming onion ,1,4,23,0.538,0.0
tuna stuffed paprikas,1,3,21,0.0,0.0
beef and noodle casserole   italian pasta bake   recipe,1,8,55,0.0,0.0
cowboy casserole  quick and easy meal,1,6,37,0.0,0.367
how to make buffalo chicken pizza as home,1,8,41,0.0,0.0
fruity acai bowl,1,3,16,0.0,0.0
easy cauliflower pizza crust recipe that wont fall apart,1,9,56,0.0,0.266
desi masala pasta amp dry red sauce pasta just under     indian food,1,12,68,0.0,0.0
veggie stuffed portabella mushrooms,1,4,35,0.0,0.0
supermarket price comparison,1,3,28,0.0,0.0
making mac and cheese with cornstarch instead with flour will give a smooth velvety mac and cheese that wont turn into a brick after it cools,1,26,141,0.0,0.0
chicken fake i yani  sides biryani adaptation,1,7,45,0.383,0.0
five minute dollar meal,1,4,23,0.0,0.0
cauliflower wings air fried,1,4,27,0.0,0.0
potato tuna patties recipe,1,4,26,0.0,0.0
chili mac deep dish pizza,1,5,25,0.0,0.0
authentic spanish seafood paella recipe,1,5,39,0.0,0.0
simply ming with jacques pepin   chicken livers two ways   ,1,9,59,0.0,0.0
curried lentil soup sambar,1,4,26,0.0,0.0
toasted mushroom sandwich,1,3,25,0.0,0.0
korean style mussel soup simple amp tasty,1,7,41,0.0,0.0
   vada pav  wada pao  vegetarian fast food  famous indian snack,1,10,64,0.0,0.0
chicken with mushrooms and cream recipe in the comments,1,9,55,0.0,0.0
crunchy breadsticks with sunflower seeds   rosquilletas de pipas,1,8,64,0.0,0.0
kosha mangsho recipe indian recipe slow cooked mutton curry,1,9,59,0.0,0.0
making banana pancake,1,3,21,0.0,0.0
how to cook onion pancake easily,1,6,32,0.0,0.324
 minute seared tuna   star cheapfast recipe ,1,6,44,0.0,0.0
greek yogurt tuna salad,1,4,23,0.0,0.0
 nachos for  people,1,3,19,0.0,0.0
brtchola,1,1,8,0.0,0.0
my favorite super bowl dip,1,5,26,0.0,0.697
home made fish cake recipe,1,5,26,0.0,0.0
easy vegan pesto recipe with kale amp almonds,1,8,45,0.0,0.293
paneer curry with coconut milk  indian cottage cheese curry recipe,1,10,66,0.0,0.0
spanish deviled eggs with tuna   easy tapas recipe,1,8,50,0.226,0.252
recipe the cheapest and easiest chinese dish   tomato egg ,1,9,58,0.0,0.259
sauted vegetables with bacon,1,4,28,0.0,0.0
can't afford fish make vegetarian sushi,1,6,39,0.0,0.0
gond halwa   gajar halwa at dilpasand sweets,1,7,44,0.0,0.348
hot sweet and sour carrot rap,1,6,29,0.0,0.375
stir fried marrow vegetable a low carb vegan food that provides dietary fiber vitaminsiron and calcium,1,16,102,0.13,0.0
extra flaky chinese scallion pancakes recipe ,1,6,45,0.0,0.0
heroic homemade hummus will impress your friends,1,7,48,0.0,0.706
i return triumphant with slop plus an update on year old community project,1,13,74,0.0,0.236
steak smothered sweet potato fries,1,5,34,0.241,0.38
big bad blooming onion air fried,1,6,32,0.412,0.0
chana chaat  papri chaat,1,4,24,0.0,0.0
cold sausage salad with chilli lime mayo,1,7,40,0.0,0.0
recipes and variations for ramen using items you have at home,1,11,61,0.0,0.0
well figuring out if this chicken and vegetables is really cheap and healthy as well,1,15,84,0.0,0.374
 pasta recipes  quick and easy pasta recipes,1,7,44,0.0,0.326
healthy quinoa tacos for the new year,1,7,37,0.0,0.31
cheap after xmas stilton cheesy puffs,1,6,37,0.0,0.0
cheap winter produce,1,3,20,0.0,0.0
how to make sheermaal roti in simple steps,1,8,42,0.0,0.0
making simple recipe pukis cake,1,5,31,0.0,0.0
greek style lentil soup fakes recipe saving made delicious and easy,1,11,67,0.161,0.379
greek bean soup recipe fasolada and boiled potatoes greek style,1,10,63,0.0,0.0
looking for recipe ideas,1,4,24,0.0,0.0
sausage egg muffins,1,3,19,0.0,0.0
not grandma's oatmeal,1,3,21,0.0,0.0
cheap amp easy family meals  healthy amp easy recipes,1,9,53,0.0,0.586
easy amp healthy dinner ideas  vegan recipes ,1,7,45,0.0,0.528
crispiest fish fingers using basa fish,1,6,38,0.0,0.0
potato stuffed paratha a rich breakfast suggession,1,7,50,0.0,0.419
three nut veg korma,1,4,19,0.0,0.0
make the most popular chinese dish with ,1,7,40,0.0,0.34
a toast sandwich,1,3,16,0.0,0.0
how to cook perfect fluffy scrambled eggs,1,7,41,0.0,0.381
mod post before you post asking questions for recipes please use our search bar trust usyour question has been asked before,0,21,123,0.0,0.228
cucumber salad,0,2,14,0.0,0.0
kala chana cheap and very healthy option,0,7,40,0.0,0.333
you should try this snack,0,5,25,0.0,0.0
watermelon and whole fruit popsicle,0,5,35,0.0,0.0
what to do this leftover celery,0,6,31,0.0,0.0
making a cheaper meal replacement,0,5,33,0.0,0.0
i just found out how simple 'casseroles' are and made like  this week,0,13,69,0.0,0.185
beat the heat you can save some dollars by making your own iced tea,0,14,67,0.0,0.198
chocolate peanut butter mug cake,0,5,32,0.0,0.0
give me your best canned salmon recipes,0,7,39,0.0,0.412
about to take a trip to h mart,0,8,30,0.0,0.0
microwavable rice bags yay or nay,0,6,33,0.0,0.405
working at a camp   no access to fridgefreezer,0,8,46,0.268,0.0
making the switch from all purpose white flour to whole grain alternatives and i would love suggestions,0,17,103,0.0,0.219
can anyone help me with a high protein very low effort diet,0,12,59,0.17,0.192
how to make creamy pinto beans like they come in cans without tons of extra ingredients,0,16,87,0.0,0.143
iso cold meals,0,3,14,0.0,0.0
what are some staples for those who are gluten and dairy free,0,12,61,0.0,0.231
i got a pressure cooker and haven't used it much what are cheap and healthy ingredients i can get that will go for any dinner,0,25,125,0.088,0.108
good cheap bento box food,0,5,25,0.0,0.42
is gnocchi actually better for you than regular pasta,0,9,53,0.0,0.266
sushi no really,0,3,15,0.524,0.0
what is something cheap and healthy i can add to pasta,0,11,54,0.0,0.231
is there anything i'm missing from my diet,0,8,42,0.239,0.0
cheap and healthy dessert ideas,0,5,31,0.0,0.403
mix ins for chicken and rice,0,6,28,0.0,0.0
recipestips to avoid too much cleaning,0,6,38,0.306,0.0
is it really more cost effective to make your own bread,0,11,55,0.0,0.267
what're some good no cooking required foods like sandwiches to pack for a multiple day roadtrip amp camping trip,0,19,112,0.097,0.239
cheap diy breakfast sandwich,0,4,28,0.0,0.0
cheap vegetarian and easy to make,0,6,33,0.0,0.367
what's the safest way to eat rice and fish everyday,0,10,51,0.0,0.231
how do i get started on a meal schedule,0,9,39,0.0,0.0
how can i turn grits into masa harina,0,8,37,0.0,0.0
easy way to portion up a big bag of frozen vegetables for the week,0,14,66,0.0,0.195
quick corn chowder,0,3,18,0.0,0.0
super cheap healthy fast and easy curried omelettes,0,8,51,0.0,0.655
what are some low carb or carb free products i can buy looking for something that will keep me full in between mealtimes and also something sweet to accompany my morning coffee,0,32,176,0.058,0.173
just found out about frozen grapes how come nobody told me they were so good,0,15,76,0.0,0.211
good and inexpensive grocery stores in chicago,0,7,46,0.0,0.326
good chicken dinners,0,3,20,0.0,0.592
playing around with stirfrys and created something interesting,0,8,62,0.0,0.565
healthy and simple granola muesli recipe i came up with,0,10,55,0.0,0.252
cleaning chicken,0,2,16,0.0,0.0
is microwaving your food healthy,0,5,32,0.0,0.403
need lunchdinnersnack ideas,0,3,27,0.0,0.0
what do i do with cherry tomatoes,0,7,33,0.0,0.0
breakfastevening food,0,2,21,0.0,0.0
is peanut butter an acceptable source of fats,0,8,45,0.0,0.247
i have bags of grapes what do i do with them,0,11,44,0.0,0.0
what to do with napa and cone cabbage,0,8,37,0.0,0.0
some cranberry recipes,0,3,22,0.0,0.0
my two favourite and super cheap fideo recipes,0,8,46,0.0,0.358
looking for some easy recipes,0,5,29,0.0,0.42
feeding  people that eat like ,0,5,30,0.0,0.385
high calorie lunches and snacks,0,5,31,0.0,0.0
are lentils on their own enough okay as your only source of calcium,0,13,67,0.0,0.137
easy lowcountry boil,0,3,20,0.0,0.592
corn tortillas,0,2,14,0.0,0.0
breakthrough over takeout because of a breakup,0,7,46,0.0,0.0
is there anything missing from this extremely cheap and simple diet of mine,0,13,75,0.155,0.0
things that can be prepared a few hours before eating in a sandwich toaster,0,14,75,0.0,0.147
bulking up,0,2,10,0.0,0.0
redoing entire pantry and fridge  need suggestions,0,7,50,0.0,0.0
i have  lbs of kiwi what can i make with it besides smoothies,0,13,61,0.0,0.0
any tips for freezing foods,0,5,27,0.259,0.0
i've got a microwave and a fridgefreezer and i don't like bread or pasta need help with meal ideas,0,19,98,0.112,0.144
can i use a rice cooker in office,0,8,33,0.0,0.0
what kinds of fruits are generated considered low in calories,0,10,61,0.189,0.0
malt o meal is better than oatmeal and no one can convince me otherwise,0,14,71,0.129,0.287
how to subtly en corporate broccoli without actually tasting it blending it into rice,0,14,85,0.0,0.0
easy to clean blender uk,0,5,24,0.0,0.651
i can't keep eating hot dogs i am sick of eggs and chicken i'm looking for some cheap healthy and quick to prepare meals,0,24,120,0.127,0.104
frozen grapes are the perfect cheap and very healthy cold snack alternative to popsicles and ice cream,0,17,102,0.0,0.309
what does your weekly meal plan look like,0,8,41,0.0,0.263
peanut butter uses,0,3,18,0.0,0.0
this sub is fantastic and has given me some good ideas so i shall ask a question or ,0,18,84,0.0,0.317
super easy and filling meal sweet potato kale mushrooms,0,9,55,0.0,0.62
what are some all in one gadgets that are good for college kitchenettes,0,13,71,0.0,0.195
easy cold work lunches,0,4,22,0.0,0.492
about to do groceries under ,0,5,28,0.0,0.0
any actual and literal zero prep dump meals i'm tired of being lied to,0,14,70,0.424,0.0
vegetarian meals  recipes,0,3,25,0.0,0.0
just bought a house and have been eating out and overeating what are some of your favorite few ingredient recipes that dont take too terribly long to prep,0,28,154,0.0,0.192
eating chipotle  days a week for lunch half off,0,9,47,0.0,0.0
looking for wrap replacements,0,4,29,0.0,0.0
gerd friendly recipes please ,0,4,29,0.0,0.733
lunch for those who work from a car,0,8,35,0.0,0.0
who has turmeric drink recipes on the cheap,0,8,43,0.0,0.0
best instant pot recipes,0,4,24,0.0,0.583
kitchenware,0,1,11,0.0,0.0
meal delivery services to beat the takeout habit,0,8,48,0.0,0.0
what do you like to make with fresh blueberries,0,9,47,0.0,0.407
suggestions for recipes to use some of my bumper mint crop,0,11,58,0.0,0.0
roasted apples ,0,2,15,0.0,0.0
eating cheap healthy and without my stomach wanting to die while doing it,0,13,73,0.222,0.153
sunday 'storecupboard' recipe ideas,0,4,35,0.0,0.0
i didnt realize how easy cheap and versatile crepes are until i made them at home,0,16,81,0.156,0.0
food keeps rotting in my fridge help,0,7,36,0.0,0.31
in light of the intense summertime heat let's talk the perfect refreshing super healthy summertime beverage,0,16,107,0.0,0.492
muscle peasfavorite seasonings,0,3,30,0.0,0.0
update you guys have saved us so much money,0,9,43,0.0,0.259
what is your favorite chili recipe and what is it that makes it so great,0,15,72,0.0,0.388
microwave oatmeals coming out tasting worse than stovetop,0,8,57,0.307,0.0
doing a completely meatless week,0,5,32,0.0,0.0
just eat popcorn fam,0,4,20,0.0,0.0
how to form healthy eating habits if i have these bad habits,0,12,60,0.23,0.178
my ovenhob combo is broken and i have to rely on the slow cooker,0,14,64,0.205,0.0
 month work trip,0,3,16,0.0,0.0
suggestions for people who hate cooking and grocery shopping,0,9,60,0.316,0.0
how to meal prep dried large amount of dried beans to save money over purchasing canned beans,0,17,93,0.0,0.167
how to freeze and reheat meals i know it sounds dumb lol,0,12,56,0.216,0.261
amazon prime day deals   qt instant pot for  bucks now what,0,11,59,0.0,0.333
how do you like to have your protein shake,0,9,42,0.152,0.223
college cook books,0,3,18,0.0,0.0
can anyone recommend a peanut butter similar to skippy or jif with no added sugar,0,15,81,0.132,0.15
my results experimenting with seitan,0,5,36,0.0,0.0
porridge,0,1,8,0.0,0.0
bought  lbs of organic baby bella mushrooms for  each,0,9,53,0.0,0.0
long hours snacks,0,3,17,0.0,0.0
ive been having three eggs and a potato for breakfast every morning this week very filling and delicious for under ,0,20,115,0.0,0.18
chicken stumped,0,2,15,0.0,0.0
protein pancakes,0,2,16,0.0,0.0
i'm a traveling inventory associate and eat like crap,0,9,53,0.234,0.225
hiding the terrible tuna i bought in a dish,0,9,43,0.515,0.0
snack advice,0,2,12,0.0,0.0
after work snacks for carpenters,0,5,32,0.0,0.0
any other ways to cook greens other than the traditional southern greens style,0,13,78,0.0,0.0
college student looking for advice,0,5,34,0.0,0.0
best app for making meals,0,5,25,0.0,0.512
what simple and healthy recipes are good to learn for someone new to cooking,0,14,76,0.0,0.318
for meat eaters to save money think of meat as a side dish to your meal not the main entree,0,20,91,0.0,0.151
marinating pre cooked chicken,0,4,29,0.0,0.0
one pan balsamicgarlic chicken and sweet potatoapple bake     cals g protein,0,11,76,0.0,0.25
i have  and need to make it last between  people for two weeks any suggestions,0,15,78,0.0,0.0
what are some meals to eat without going bad if not refrigerated,0,12,64,0.0,0.206
how can two adults living together eat healthy on a budget of  per week,0,14,71,0.0,0.184
what are your favourite newinteresting vegetable recipes,0,7,56,0.0,0.0
how to eat cheaply with frequent low volume meals,0,9,49,0.208,0.0
what are your best recipes to cook from scratch,0,9,47,0.0,0.344
what foods are good for bringing to picnics but allow you to flex your cookingpreparation ability bonus if veg friendly,0,20,119,0.0,0.521
my new favorite breakfast egg white oatmeal with bluebs and nut butter everything from costco,0,15,93,0.0,0.176
bean burgers,0,2,12,0.0,0.0
what is an easy healthy lunchdinner recipe i can make at home without spending hours in the kitchen,0,18,99,0.0,0.272
lazy college southwest chicken bowls   per meal,0,7,47,0.294,0.0
going on a  hour bus ride looking for healthy food ideas for the road,0,14,69,0.0,0.184
eating on a stomach bug,0,5,23,0.0,0.0
i just inherited a vitamix how can i use it to save money on groceries,0,15,70,0.0,0.225
good mints,0,2,10,0.0,0.744
update on slow cookerinstapot,0,4,29,0.0,0.0
had no idea this sub existed here's a nutrient densitycost efficiency cheat sheet i've been working on for a few months,0,21,119,0.219,0.105
how long will cooked chicken stay in the fridge,0,9,47,0.0,0.0
high calorie breakfast options that arent eggs,0,7,46,0.0,0.0
college student and i just found out im  short for the next academic year how in the world do i cut my grocery costs,0,24,116,0.091,0.0
fridge  microwave meals emphasis on healthy,0,6,43,0.0,0.351
meal planning in a motel,0,5,24,0.0,0.0
summer crock pot recipes,0,4,24,0.0,0.0
any cucumber recipes that aren't pickles,0,6,40,0.0,0.0
healthy sweets,0,2,14,0.0,1.0
tips on how to grocery shop in a food desert,0,10,44,0.0,0.0
easy one potone pan meals,0,5,25,0.0,0.42
meals to build muscle mass,0,5,26,0.0,0.0
what can i use tempura mix for besides tempura,0,9,46,0.0,0.0
tenderize cheap steaks,0,3,22,0.0,0.355
any suggestions for different salads i can make for lunches,0,10,59,0.0,0.0
does anyone have any healthy recipes or recommendations for someone that only has access to a small toaster oven and a small slow cooker,0,24,136,0.0,0.114
using everything up week ,0,4,25,0.0,0.0
healthy calorie dense snacks,0,4,28,0.0,0.474
eating clean   what does this mean,0,6,34,0.0,0.351
progresso soup not filling enough throw an uncle bens rice mix in that puppy,0,14,76,0.0,0.0
update because you guys dont want me to feel fat and worthless my mealplan,0,14,74,0.256,0.0
looking for healthybeneficial teas that have little to no caffiene,0,10,66,0.171,0.116
what are your go to freezer friendly meals,0,8,42,0.0,0.314
wondering if somebody could rate my diet today is it healthy enough should i add anythingtake anything out,0,18,106,0.0,0.144
what is the best way to get rid of that lower belly fat that always seem to persist,0,18,83,0.098,0.188
healthy lunches i can prepare at work,0,7,37,0.0,0.351
yall have inspired me to get a slow cooker i would be cooking for just me any recommendations on brand and size this is all new to me so thanks in advance for your help,0,35,168,0.0,0.243
cheap healthy good tasting hot cocoa,0,6,36,0.0,0.583
just moved into an apt with my bf and need help healthily stocking our kitchen for cheap except he hates beans sweet potatoes and various cooked veggies,0,27,152,0.089,0.175
chicken problems,0,2,16,0.73,0.0
fridge hacks,0,2,12,0.0,0.0
should we change the title of the sub to just eat cheap,0,12,55,0.0,0.0
high protein low cal foods cheap,0,6,32,0.296,0.0
 veggie soup,0,2,12,0.0,0.0
mushroom and spinach sandwich,0,4,29,0.0,0.0
follow up after being decapitated from my progressouncle bens post went shopping today,0,13,86,0.0,0.0
minimal cooking  serving meals,0,4,30,0.0,0.0
cheese questions,0,2,16,0.0,0.0
just wanted to share how i create healthy cheap soul food,0,11,57,0.0,0.5
chia seeds straight down the hatch,0,6,34,0.0,0.275
 nutritious summer recipes to try for healthy summer diet,0,9,57,0.0,0.252
looking for a list of south asian substitutes to western ingredients in foods commonly suggested on this thread any suggestions,0,20,127,0.0,0.0
studying abroad in rome what can i get cheap and healthy at the local markets,0,15,77,0.0,0.172
why does freezing or cooking berries make them sour,0,9,51,0.149,0.0
what are some good utensilscooking containers for ecah,0,8,54,0.0,0.293
freezable recipe request,0,3,24,0.0,0.0
any variations on the taco not just looking for meat or tortilla substitutes,0,13,76,0.0,0.0
for people who make smoothies do smoothies taste better if you soak chia seeds overnight,0,15,88,0.0,0.172
is my chicken bad,0,4,17,0.538,0.0
recipes,0,1,7,0.0,0.0
is enriched macaroni product healthy,0,5,36,0.0,0.403
cold skilly soup thin gruel,0,5,27,0.0,0.0
something fancy,0,2,15,0.0,0.0
why does microwaveable rice not dry out like reheating rice,0,10,59,0.19,0.0
high calorieprotein meals i can eat in a place with no kitchen,0,12,62,0.196,0.0
student with restrictive preferences lol help,0,6,45,0.0,0.579
wow so i finally decided to make my own tomato sauce for spaghetti and i can really taste the difference,0,20,104,0.0,0.183
week budget what should i get,0,6,29,0.0,0.0
mealplans for sleeping problems suggestions,0,5,43,0.403,0.0
my cheap go to,0,4,14,0.0,0.0
 weeks eating lean,0,3,18,0.0,0.0
good substitute for avacado,0,4,27,0.0,0.492
chips amp salsa,0,3,15,0.0,0.0
hobo dinner recipe,0,3,18,0.0,0.0
are smoothies actually good for you,0,6,35,0.0,0.367
what are your favorite healthy dessert recipes that are also relatively inexpensive to make,0,14,91,0.0,0.322
how do you get yourself to enjoy salads,0,8,39,0.0,0.314
how do i prevent boiled chicken breast from smelling funny after putting it in the fridge,0,16,89,0.0,0.235
scared about bacteria on leafy greens and how to disinfect what works and what doesn't,0,15,86,0.172,0.0
what cheap and healthy items can i add to my instant ramen,0,12,58,0.0,0.213
anyone have a good chili recipe,0,6,31,0.0,0.42
family of   adultschildren looking for ways to eat better cheaply,0,10,65,0.0,0.244
is broccoli something not meant to be eaten for it's protein content but to fill you up and get some more fiber,0,22,111,0.0,0.0
can you freeze frozen veg that has been cooked,0,9,46,0.0,0.13
soft  liquid foods,0,3,18,0.0,0.0
meatless mondays share your meat free and vegetarian recipes here,0,10,65,0.0,0.407
need recipes that cook fast,0,5,27,0.0,0.0
what are some healthy foodsnackswhatever to have in your house ,0,10,63,0.0,0.231
half gallon of whole milk about to expire,0,8,41,0.0,0.0
taste like edamame,0,3,18,0.0,0.556
im fat and worthless please help me make a mealplan,0,10,51,0.209,0.36
the secret to making a good skillet burger,0,8,42,0.0,0.326
trouble with daily commute,0,4,26,0.474,0.0
an easy cheap lunch,0,4,19,0.0,0.492
what would you do with lavender thai curry seasoning,0,9,52,0.0,0.0
my husband and i spend close to k in food each month major lifestyle change coming up and we need help,0,21,102,0.0,0.13
can anyone recommend a protein powder thats not outrageously sweet,0,10,66,0.193,0.341
beauty and the beets,0,4,20,0.0,0.559
tropical storm  day dinner plan,0,5,31,0.0,0.0
any healthy ground beef recipes,0,5,31,0.0,0.403
quick and simple breakfast to take to work,0,8,42,0.0,0.0
ive moved into a temporary place with an incredibly tiny unreliable fridge and a microwave no kitchen no freezer what can i make to get by for a month with just this,0,32,165,0.145,0.0
ideas for office morning tea,0,5,28,0.0,0.0
i spend  to  dollars on smoothies every day after my workout,0,11,60,0.0,0.0
need help making a meal plan for a variable amount of physical activity,0,13,71,0.0,0.213
anyone from bristol uk,0,4,22,0.0,0.0
i need help,0,3,11,0.0,0.73
looking for help refining my diet,0,6,33,0.0,0.351
how to get started ecah,0,5,23,0.0,0.0
does anyone have a month meal plan they can share,0,10,49,0.0,0.216
baked lemon chicken pasta meal,0,5,30,0.0,0.0
the best money saving tip yet,0,6,29,0.0,0.457
shopping on a budget in chicago,0,6,31,0.0,0.0
we eat the same thing for dinner almost every night wife is getting bored of it,0,16,79,0.123,0.0
fruit freezing tips anyone,0,4,26,0.318,0.0
living in a hotel for the next  months need meal ideas using just a microwave,0,15,77,0.0,0.0
ground boar is my new favorite protein affordable sustainable and healthy i made a stewed chickpeas with ground boar that we absolutely loved   recipe included,0,25,159,0.0,0.331
frozen brussel sprouts,0,3,22,0.0,0.0
meatless mondays share your meat free and vegetarian recipes here,0,10,65,0.0,0.407
do you know any tasty low calorie fruit andor veg smoothies,0,11,59,0.174,0.0
i just thought i'd share this cheap easy lentil ball recipe i tried and enjoyed,0,15,79,0.0,0.457
yummy vegetable recipes,0,3,23,0.0,0.63
professional painter on new construction sites a lot which limits me to cold lunches i'm sick of sandwiches and wraps i need some fresh ideas to spice up my lunchbox help,0,31,170,0.096,0.146
oats,0,1,4,0.0,0.0
healthy ingredients to spice up salad,0,6,37,0.0,0.351
easy and cheap pancake recipe,0,5,29,0.0,0.42
jack in the box not cheap or healthy,0,8,36,0.244,0.0
how to add flavor to cabbage rolls,0,7,34,0.0,0.0
soft diet food ideas,0,4,20,0.0,0.0
what to stock up on while doing a kitchen remodel,0,10,49,0.0,0.0
yummy vegetables and pasta,0,4,26,0.0,0.531
any tips for those of us who dont eat meals,0,10,43,0.0,0.0
how do i season black beans,0,6,27,0.0,0.0
what foods provide the most nutritional bang for their buck,0,10,59,0.0,0.0
pasta salads found in delis,0,5,27,0.0,0.0
healthy eating wout macro counting,0,5,34,0.0,0.403
looking for some meals that don't require the oven,0,9,50,0.0,0.0
vegetarianvegan grocery shopping on a student budget,0,7,52,0.0,0.0
anyone have some good super simple instant ramen broths,0,9,55,0.0,0.493
going veg   need fast filling meals,0,6,35,0.0,0.0
low on money this week until i get paid again,0,10,45,0.208,0.0
what are the recipes you keep going back to,0,9,43,0.0,0.0
share your favorite no stove recipes,0,6,36,0.212,0.5
first try at shakshuka,0,4,22,0.0,0.0
how do you like to eat cottage cheese,0,8,37,0.0,0.263
what is a good price for meat,0,7,29,0.0,0.367
how long once beans have been soaked,0,7,36,0.0,0.0
drinks for a mini fridge,0,5,24,0.0,0.0
healthyinexpensive snacks for breastfeeding mom,0,5,47,0.0,0.0
spinach bites,0,2,13,0.0,0.0
my anything goes fried rice i always make this when ingredients are getting low but i don't have time to get more,0,22,113,0.075,0.0
herbalife replacement,0,2,21,0.0,0.0
eggplants are on sale so i bought like  of them now what,0,12,56,0.0,0.217
poor man's pasta,0,3,16,0.608,0.0
bake your own bread for ,0,5,24,0.0,0.0
if you tell me what ingredients you have on hand ill try to write you a recipe,0,17,78,0.14,0.16
i had a mental breakdown yesterday and need to make changes in my life i have  minutes a night to cook whatre some healthy but easily prepared meals to get me started,0,32,166,0.0,0.226
iso high carb side dishes,0,5,25,0.0,0.0
healthy and light summer meals,0,5,30,0.0,0.403
what are your favorite cheap and healthy summer dishes including summer veggies,0,12,79,0.0,0.363
turnips and swiss chard,0,4,23,0.0,0.0
can you fry boneless and skinless chicken thighs in bacon grease,0,11,64,0.0,0.0
bodybuilding kcal diet  uni student meal ideas websites,0,8,55,0.0,0.0
how long can overnight oats that have been refrigerated stay outside of the fridge,0,14,82,0.0,0.0
in college with a limited budget,0,6,32,0.322,0.0
i have the weight of a small child's worth of rhubarb how do i use it without also consuming a ton of sugar,0,23,107,0.0,0.095
how do you beat the urge to eat dinner out,0,10,42,0.0,0.0
progresso light soups,0,3,21,0.0,0.0
my favorite post workout meal,0,5,29,0.0,0.429
meal replacement shakes,0,3,23,0.0,0.0
is crystal light a healthy alternative,0,6,38,0.0,0.403
vegetables are ok seasoning and sauting helps with taste but what are some good veggie meals or snacks you cant deny,0,21,116,0.0,0.366
im underweight my diet is terrible and my appetite is very low,0,12,62,0.355,0.0
sptzle with peas and mushrooms,0,5,30,0.0,0.0
boostensure liquid diet,0,3,23,0.0,0.0
can you completely substitute meat with eggs and sardines,0,9,57,0.0,0.0
i really want to start cooking my own meals but i live in university housing with only a microwave at my disposal any ideas should i buy a slow cooker,0,30,150,0.0,0.051
short term healthy shopping,0,4,27,0.0,0.474
pantry staples,0,2,14,0.0,0.0
can you reuse steamer water,0,5,27,0.0,0.0
i have been sober almost  days however i have gained lbs by switching an alcohol problem to a sugar and sweet problem any advice,0,24,128,0.193,0.2
suggestions for meals on a mostly liquid diet,0,8,45,0.0,0.0
breakfast replacing shake,0,3,25,0.459,0.0
suggestions for food or easy recipes with lots of protein but calories listed,0,13,77,0.0,0.14
i have loads cherries and i'm running out of ideas what should i make except jams,0,16,81,0.0,0.0
grilling for  people,0,3,20,0.0,0.0
cutting down on processed and junk foods,0,7,40,0.2,0.0
anyone know any apps to help find meals you can make with what you have,0,15,71,0.0,0.162
replicate einstein bros pizza bagel,0,5,35,0.0,0.0
i havent bought peanut butter in years,0,7,38,0.0,0.0
when y'all say 'beans and rice' what do you mean exactly best recipes,0,13,69,0.0,0.259
cheap meal ideas that are low carb low sugar low in fat low sodium and not so high in calories  max,0,21,99,0.331,0.0
do i under season everything,0,5,28,0.0,0.0
i have  lbs of lemons any recipes to go through them relatively quickly,0,13,71,0.0,0.0
 ingredient broccoli cheddar soup,0,4,33,0.0,0.0
i have a whole lot of black beans what can i do with them,0,14,57,0.0,0.0
meatless mondays share your meat free and vegetarian recipes here,0,10,65,0.0,0.407
android alternative to mealboard,0,4,32,0.0,0.0
i just bought a bunch of frozen berries for smoothies on vacation and there's no blender how can i use them,0,21,107,0.115,0.0
podcast episode about importance of meal planning health tips and fad diet discussions,0,13,86,0.0,0.286
been using myfitnesspal consistently for  months looking for suggestions,0,9,72,0.0,0.0
boiled potatoes with or without skin,0,6,36,0.0,0.0
best recipes for chicken breast  how to cook it without being dry,0,12,65,0.0,0.276
assuming i'm the most boring person ever who can eat the same meal every day what would you recommend to eat that's cheap and gives me good nutrition for a month,0,31,161,0.074,0.154
spending the next month in a residence inn for work any tips,0,12,60,0.0,0.0
are back pains common among young adults,0,7,40,0.318,0.0
has anyone come across an app that let you scan barcodes and help keep track of inventory of the things you have in the house,0,25,125,0.0,0.101
saurkraut,0,1,9,0.0,0.0
food that isnt bad for your teethnot full of fat not fish or meatnot bread and doesnt taste horrible,0,19,100,0.0,0.251
just got laid off how can i pinch pennies in the pantry and still have variety,0,16,78,0.0,0.0
low sugar dessert ideas,0,4,23,0.412,0.0
need help evaluating my current standard meal,0,7,45,0.0,0.31
meals with minimum ingredients,0,4,30,0.0,0.0
what do you like to prepare with your hardboiled eggs,0,10,53,0.0,0.217
good nutritious meals for an  year old living on his own for the first time,0,15,75,0.0,0.172
what's everyone budget on monthly making food at home and going out,0,12,67,0.0,0.0
i have a quick question about brining chicken,0,8,45,0.0,0.0
i could literally live off pizza however my wallet does not approve,0,12,67,0.0,0.0
instant noodlesramen question,0,3,29,0.0,0.0
what to do when you make too much to be on food stamps snap but too little to cover your regular expenses,0,22,105,0.0,0.0
veggie and chicken curry recipe   per serving,0,7,45,0.0,0.0
flexible main dish recipes for using up vegetables,0,8,50,0.0,0.213
cheap and healthy meal tips for a  year old while im at work,0,13,60,0.0,0.197
just moved to toronto from the us seeking recommendations on shopping,0,11,69,0.0,0.0
breakfast ideas that aren't oatmeal,0,5,35,0.0,0.0
question about sandwiches,0,3,25,0.0,0.0
has anyone found relatively cheap protein bars,0,7,46,0.0,0.0
are there any good healthy ways to drink alcohol,0,9,48,0.0,0.444
i need something easy to make at one point i ate  boiled eggs for breakfast  hardbread with a thin hamslice for lunch and same for dinner i did this for three months because i am that lazy i need easy cooked recipes i dont tire of same food every day please help,0,52,262,0.047,0.203
what would you guys recommend making for breakfast lunch and dinner if im athletic and do weights,0,17,97,0.0,0.135
cheap way to have a protein heavy diet,0,8,38,0.0,0.0
frugal tip i always see charcoal briquettes in the discount section of big stores during the summer,0,17,99,0.0,0.0
cheap and healthy snacks,0,4,24,0.0,0.474
easy premade sides,0,3,18,0.0,0.592
eating while working on the road,0,6,32,0.0,0.0
sauces for turkey or any other type of sandwhiches,0,9,50,0.0,0.0
is there any meal plan that covers all of the essential nutrients you need,0,14,74,0.0,0.0
psa bitterness can cut umamisaltiness,0,5,37,0.615,0.0
what is the healthiest way to cook baby carrots to taste better,0,12,63,0.0,0.209
looking for recommendations for reusable casserole pans,0,7,55,0.0,0.0
finally something cheap healthy and delicious to bring to social gatherings,0,11,75,0.0,0.416
my soulfood   mom's tomato tofu stirfry,0,6,39,0.0,0.0
worth getting an at home dehydrator,0,6,35,0.0,0.275
a question about bananas,0,4,24,0.0,0.0
not usually a big fan of tilapia but i baked the fish in a garlic  bacon broth and some random veggies in my fridge and it turned out surprisingly delicious and not too expensive,0,34,178,0.04,0.21
cheap healthy eating for  help,0,5,30,0.0,0.643
i need different food for lunch,0,6,31,0.0,0.0
noodles,0,1,7,0.0,0.0
taco bell dollar menu,0,4,21,0.0,0.0
crunchy snacks,0,2,14,0.0,0.0
breakfast ideas,0,2,15,0.0,0.0
meal prep tabouleh,0,3,18,0.0,0.0
tips for yummy budget food around   dollars for  vegannon vegan,0,10,63,0.0,0.274
help me make pork chops that taste better,0,8,41,0.0,0.483
can someone smarter break down proscons of different noodles,0,9,60,0.0,0.273
simple to prepare snack no gluten or lactose ,0,8,45,0.239,0.0
what's an easy and healthy snack i can take for my friends at the gym,0,15,69,0.0,0.442
i shared this on rrecipes but wanted to share here too sour cream and onion chicken meatballs   gluten free and really cheap to prepare,0,24,135,0.0,0.309
whats your fav cheaphealthy alcoholic drink,0,6,43,0.0,0.375
how is average every day rice actually prepared in asia,0,10,55,0.0,0.174
not the most relevant but wanted to ask here can someone live off a weekly csa community supported agriculture box,0,20,114,0.0,0.141
what is something that takes a while eat and doesn't have too many calories,0,14,75,0.0,0.0
easy goal list i put together for my accountability group easy to attain especially on a budget,0,17,95,0.0,0.309
more filling meals and ways to spice up eggs,0,9,44,0.0,0.0
natt beans are the shit,0,5,23,0.0,0.5
can't make the switch from  effort to healthy food,0,9,50,0.0,0.252
meal ideas for a picky eater,0,6,28,0.0,0.0
in the middle of a heatwave filling no cook meals,0,10,49,0.216,0.0
looking for cheap creative recipes,0,5,34,0.0,0.42
sweet potato oven dish,0,4,22,0.0,0.5
need a little help,0,4,18,0.0,0.546
 year old looking for a healthy diet plan for gym,0,10,49,0.0,0.252
healthy and inexpensive grocery list for  person everything can be bought off brand,0,13,83,0.0,0.184
is there any good alternative for ritz bits cheese sandwich crackers,0,11,68,0.0,0.225
what do you put in your crepes,0,7,30,0.0,0.0
depression meals,0,2,16,0.787,0.0
found a good hack for pre prepared food to make it cheaper and healthier,0,14,72,0.0,0.304
need help with what to buy for myself and another,0,10,49,0.0,0.231
summer meals,0,2,12,0.0,0.0
new mom freezer meal suggestions please,0,6,39,0.0,0.315
stupid question about rolled oats,0,5,33,0.459,0.0
fianc and i moving into our first place what groceries should we stock up on i wont see a first paycheck until the end of august,0,26,128,0.0,0.0
easy vegan breakfast avocado toast,0,5,34,0.0,0.42
recipes that require a lot of chopping and other knife skills,0,11,61,0.0,0.0
 ingredient or less meals,0,4,25,0.0,0.0
cheap throwaway calories,0,3,24,0.0,0.0
in search of lasting recipes and food items to take to army,0,12,59,0.0,0.0
need help with bland dinners,0,5,28,0.0,0.403
how can i make my morning smoothies cheaper need inspiration for cheap balanced filling shakes to get me through school as a mature broke student,0,25,145,0.097,0.214
burrito and sandwich recipes,0,4,28,0.0,0.0
going grocery shopping in about half hour any recommendations,0,9,61,0.0,0.0
trying to eat healthier unsure if i'm succeeding,0,8,48,0.179,0.286
suggestions for turkey shepherd's pie name please,0,7,49,0.0,0.277
oversoaked chikpeas cook or toss,0,5,32,0.0,0.0
volume eating,0,2,13,0.0,0.0
my favorite cheap summer side dish spicy charred sweet corn and cherry tomatoes,0,13,79,0.0,0.353
one pot recipes,0,3,15,0.0,0.0
toddler friendly daycare lunch recipes no microwave available,0,8,61,0.193,0.281
smoothies are only  of your  a day,0,7,34,0.0,0.0
what is your favorite cheap and healthy snacks,0,8,46,0.0,0.487
healthy juices to look for,0,5,26,0.0,0.403
my vote for the cheapest easiest and healthiest meal,0,9,52,0.0,0.259
what to getbuy after renting a place with one induction stove,0,11,61,0.0,0.0
healthiest cheapest and most sustainable meal,0,6,45,0.0,0.0
any cheap and healthy recipe ideas for rice noodles,0,9,51,0.0,0.252
ideas for tasty mashed potatoes that doesn't involve tons of butter and milk,0,13,76,0.0,0.0
vegetable beans and rice on a budget,0,7,36,0.0,0.0
what are some really simple but healthy smoothie recipes,0,9,56,0.0,0.33
best placeprice for fish chicken,0,5,32,0.0,0.512
need recipes for grounddicedcut chicken breast,0,6,46,0.0,0.0
soup diet ,0,2,10,0.0,0.0
best quick cheap and tasty mid week meal need some inspiration please,0,12,69,0.0,0.524
super easy and cheap tomato risotto recipe,0,7,42,0.0,0.576
expiration of granola,0,3,21,0.0,0.0
pan seared tofu,0,3,15,0.0,0.0
doctor gave me a new diet need advice,0,8,37,0.0,0.0
easy recipes for a fairly picky eater that can last all week or at least most of it bonus question any specific things to look for in a crock pot,0,30,145,0.0,0.204
smart ways to repurpose scraps amp throwaways instead of being wasteful,0,11,71,0.0,0.213
any idea how i can keep delivered food unspoiled until dinner,0,11,61,0.0,0.0
low cholesterol cheap and healthy meals,0,6,39,0.239,0.307
eggs amp tomato over rice recipe,0,6,32,0.0,0.0
how to like raw tomatoes,0,5,24,0.0,0.385
looking for some help with yeasts,0,6,33,0.0,0.351
any ides on how to improve plain cucumber,0,8,41,0.0,0.293
if you havent had a tuna salad quesadilla  you need to try this cheap and easy snack,0,17,84,0.0,0.162
what are some quick  calorie meals,0,6,34,0.0,0.0
stupid question what am i doing wrong with my poached eggs,0,11,58,0.448,0.0
drink ideas for family dinners that aren't super sugary,0,9,55,0.282,0.0
quick question on frozen fruit,0,5,30,0.0,0.0
is it possible to make hot cocoa with just milk and cocoa powder but no sweetener i'm trying to limit my consumption of sugarsweet stuffs as much as possible but worry this would make my hot cocoa bland,0,38,202,0.156,0.0
question about calories in chicken breast broth,0,7,47,0.0,0.0
how most students and everyone who needs a healthy easy cheap and quick meal in my country denmark eats cheap and healthy ryebread,0,23,130,0.0,0.304
looking for a cheap and easy snack for break at work,0,11,52,0.0,0.244
something better than chia   for magnesium,0,6,42,0.0,0.367
did i go about breaking my addiction in the right way,0,11,53,0.0,0.0
what isare you favorite food concoctions that taste good,0,9,56,0.0,0.457
need some filling low carb high protein and fat easy breakfasts that do not include egg,0,16,87,0.111,0.153
new diet starts tomorrow,0,4,24,0.0,0.0
any tasty gluten free suggestions,0,5,33,0.0,0.452
high protein low carb no sugar vegetarian suggestions please,0,9,60,0.341,0.183
go bananas,0,2,10,0.0,0.0
cheap and healthy snack ideas for young children on summer break,0,11,64,0.0,0.213
big cheap filling burrito suggestions needed please,0,7,51,0.0,0.277
frozen banana alternatives in smoothies,0,5,39,0.0,0.0
is there any healthy sauces to spread on shredded chicken breast,0,11,64,0.0,0.213
how do you spice your quiche,0,6,28,0.0,0.0
egg based sauces like carbonara,0,5,31,0.0,0.385
how to make tinned soup into a complete meal,0,9,44,0.0,0.0
something lighteasy to freeze and light carb,0,7,44,0.0,0.167
crunchy pea salad,0,3,17,0.0,0.0
what's cheaper pre dried fruit or dehydrating your own fruit,0,10,60,0.0,0.0
your favorite cold meals,0,4,24,0.0,0.5
does anyone have an idea for a lunch i can leave in my car,0,14,58,0.098,0.0
advicefeedback   trying to cook healthy and made a recipe,0,9,57,0.0,0.278
mayan chocolate and maple protein oatmeal,0,6,41,0.0,0.0
i buy a lot of junk food but would like to start making my own snacks,0,16,69,0.0,0.2
what's the cheapest way to buy nuts and seeds,0,9,45,0.223,0.0
how do you saut your onions,0,6,27,0.0,0.0
is weight loss all about   calories,0,6,35,0.315,0.0
what brands of olive oil do y'all like to use,0,10,45,0.0,0.217
ideas for carb replacement meals,0,5,32,0.0,0.0
herbs and spice suggestions,0,4,27,0.0,0.0
almost  ive been eating unhealthy my entire life fast food hamburger helpers and indulging in desserts are all ive known since childhood,0,22,136,0.133,0.082
messed up digestion is oats as staple diet good ,0,9,48,0.195,0.236
meal shakes most affordable and convenient way to eat clean meals i think so,0,14,76,0.0,0.184
fried zucchini  cooked peas  nice cheap and healthyish,0,8,54,0.0,0.286
hoping to move out with my boyfriend soon need help with budgetting and meal prep,0,15,81,0.0,0.297
vegan ish recipes for gaining weight,0,6,36,0.0,0.359
partner brought up on a diet of processed foods and meat straight up refuses vegetables,0,15,87,0.0,0.128
strawberry jam no pectin,0,4,24,0.423,0.0
creating a motivational page for healthfitness any advicereflections you had on your journey to becoming a better healthy you,0,19,125,0.0,0.358
i am avoiding sugarsnacks like chips but am obviously addicted and have massive cravings after meals,0,16,100,0.103,0.106
anyone have a speedyhacky way of creating fish patties from canned fish,0,12,71,0.0,0.18
help i want to eat more frozen fruits,0,8,37,0.0,0.444
so i made some comments earlier about hating corn tortillas well i made some tonight and they were unbelievable i got chills they were so good they are also cheap for  you get a four pound bag i'm sure you could find it even cheaper than that super easy to make as well,0,53,269,0.052,0.298
cheat days  what are your tipsadvice on this a little trouble,0,11,61,0.403,0.0
easy post work meals,0,4,20,0.0,0.492
popcorn saltspices that actually stay on the popcorn,0,8,52,0.0,0.0
what are your go to lazy meals,0,7,30,0.294,0.0
healthy snacks for a underweight diabetic,0,6,41,0.0,0.403
can anyone help put together a good grocery list,0,9,48,0.0,0.483
could anyone help me out with a potential grocery list i could give to my parent im young and want to start eating healthier but dont know where to begin,0,30,153,0.0,0.103
looking for macro based recipe websites,0,6,39,0.0,0.0
any good foods for a hypochondriac,0,6,34,0.0,0.42
cheap and healthy ways to deal with sweets cravings,0,9,51,0.0,0.457
tomato and egg stir fry,0,5,23,0.0,0.0
stir fry,0,2,8,0.0,0.0
easy bean recipe,0,3,16,0.0,0.592
for a cheap and healthy breakfast or snack,0,8,42,0.0,0.31
do you save the potato peels,0,6,28,0.0,0.39
did you grow up eating fufu,0,6,27,0.0,0.0
help me get my husband to like sardines,0,8,39,0.0,0.464
homemade tomato juice,0,3,21,0.0,0.0
todays lunch vegan,0,3,18,0.0,0.0
which meals can be prepped frozen then taken to work and reheated in a microwave,0,15,80,0.0,0.0
hit me with your best soya chunk recipe,0,8,39,0.0,0.375
summer salads that last in the fridge,0,7,37,0.0,0.0
im trying to eat  calories or less to help lose weight but i dont want to do it in an unhealthy way any meal ideas,0,25,114,0.261,0.058
how to eat healthy in a house that doesnt,0,9,41,0.0,0.278
most flavorful sparkling water,0,4,30,0.0,0.452
a six minute egg can transform your dish,0,8,40,0.0,0.0
uses for leftover pickle juice,0,5,30,0.0,0.0
what can you buy and eat with ,0,7,30,0.0,0.0
i just got home from work i'm exhausted hungry and my fridge is empty i'm two seconds away from ordering take out someone give me some suggestions before i make more poor choices,0,33,178,0.216,0.0
for lowmoderate sodium diets pringles,0,5,37,0.0,0.0
i made a healthy protein filled dinner tonight for less than ,0,11,61,0.0,0.252
amazingly tasty chicken avocado summer salad,0,6,44,0.0,0.0
my go to soup rotation,0,5,22,0.0,0.0
cheap suggestions for fish,0,4,26,0.0,0.0
eggs for someone who hates eggs asking for advice,0,9,49,0.266,0.0
vegan aloha kitchen week challenge,0,5,34,0.0,0.245
where to buy tortillas,0,4,22,0.0,0.0
what foods freeze well,0,4,22,0.0,0.623
favorite frozen veggie blend,0,4,28,0.0,0.5
cheap healthy filling mexican breakfastlunch,0,5,44,0.0,0.403
cheap delicious and calorie dense smoothies,0,6,43,0.0,0.425
food pantry life,0,3,16,0.0,0.0
favorite overnight oatsslow cooker recipes,0,5,42,0.0,0.429
add mushrooms to ground beef,0,5,28,0.0,0.0
way to eat can tuna,0,5,19,0.0,0.0
frozen hash brown patties,0,4,25,0.0,0.0
are frozen meatless options any good,0,6,36,0.0,0.367
i would like to request some cheap easy filling vegetable focused recipes,0,12,73,0.0,0.5
best way to store chicken dinner on the go,0,9,42,0.0,0.344
looking for camping ideas,0,4,25,0.0,0.0
rice cooker case against,0,4,24,0.0,0.0
steamed veggies,0,2,15,0.0,0.0
low fructose recipes,0,3,20,0.512,0.0
add cucumber to salsa for low cal crunch and bulk,0,10,49,0.189,0.0
favorite things to add to greek yogurt,0,7,38,0.0,0.333
ideas for someone who has trouble eating enough,0,8,47,0.278,0.0
looking for suggestions for new ways to season steak,0,9,52,0.0,0.0
cheap and healthy but mostly cheap  black beans ,0,8,48,0.0,0.209
this thick blended vegetable soup is a total game changer    cheap easy and healthy,0,14,83,0.0,0.337
another subreddit for budget eating   rbudgetmealplans,0,6,54,0.0,0.0
black bean  roasted root vegetable  red curry soup  leftover veggie yum,0,11,71,0.0,0.0
eating through the pantry before we move,0,7,40,0.0,0.0
i need a superfood that has all nutrients,0,8,41,0.0,0.0
overnight quinoa breakfast   this recipe is full of healthy antioxidants and has plenty of fiber,0,15,96,0.0,0.162
what are your go to cheap and healthy snacks to put a stop to hunger and buy you another hour before your next meal,0,24,115,0.156,0.1
i always see posts about found protein for x dollars bought all of it but how do you know thats a good deal,0,23,107,0.0,0.168
cooking imitation crab in the microwave,0,6,39,0.0,0.0
what are your pantry staples,0,5,28,0.0,0.0
sweet spirulina and spinach apple cider vinegar smoothiefor those who take acv,0,12,78,0.0,0.214
good protein and fat dense vegetarianpescatarian recipes for bulk,0,9,65,0.0,0.266
rice bowl meal prep recipes,0,5,27,0.0,0.0
food apps that include budgeting your wallet,0,7,44,0.0,0.0
whats the one thing you love to eat even though you know its not technically good,0,16,81,0.117,0.204
what to do with  hard boiled eggs,0,7,33,0.189,0.0
diy frozen yogurt,0,3,17,0.0,0.0
best salad dressing,0,3,19,0.0,0.677
i need advicesi know what to eat but not how much i should,0,13,58,0.0,0.0
poor man's rich soup,0,4,20,0.356,0.414
i was given two large bags of individually frozen boneless skinless chicken thighs,0,13,82,0.0,0.0
bought  pounds of brisket on sale need cooking ideas,0,9,52,0.0,0.0
whats the go to lazy meal for each time of day in your country or culture,0,16,73,0.143,0.0
developing a muscle and weight diet,0,6,35,0.0,0.0
whole roast chickens aren't as intimidating to prep as they seem and are a more economical way buy chicken,0,19,106,0.0,0.124
warning about fruit snacks,0,4,26,0.444,0.0
is there a way to freeze salads ,0,7,32,0.0,0.194
need healthy and cheap ideas for breakfast but i hate eggs,0,11,58,0.339,0.124
best ways to grillroast chicken breasts,0,6,39,0.0,0.457
need ideas for high protein snacks,0,6,34,0.0,0.0
uses for protein powder outside of smoothies,0,7,44,0.0,0.0
no oven never really learned to shop healthy what are some healthy foods i should always have in the house,0,20,106,0.093,0.229
need recipe ideas cooking for a small group away from civilization for several weeks,0,14,84,0.0,0.0
meals for gaining weight,0,4,24,0.0,0.483
decided a month ago to start eating healthy crossposting to rcastiron,0,11,69,0.0,0.231
need recipe suggestions   quinoa based and protein focused,0,8,58,0.0,0.271
cheaphealthyish meals to keep away from roommates,0,7,49,0.0,0.0
freezing fresh vegetables,0,3,25,0.298,0.489
im moving into my first apartment come august what are some of your best tipsrecipes for saving money,0,18,101,0.0,0.198
chicken paprikash incredibly cheap and delicious healthy enough for a richer meal every once in a while,0,17,103,0.0,0.456
is this a good price for meat for a month,0,10,41,0.0,0.293
can you microwave uncooked lentils faster than cooking them in a pot,0,12,68,0.0,0.0
how much fruit is too much,0,6,26,0.0,0.0
oven and hobs broken   got a microwave and grill   please give me meal ideas,0,14,76,0.189,0.14
highly nutritious meals that are easy enough for a teenager to make,0,12,67,0.0,0.225
teenage boy working  hours a day need to find a way to get full without consuming massive amounts of sodium,0,20,107,0.0,0.0
paleo diet how to successfully maintain without spending a lot of money,0,12,71,0.0,0.242
how to eat healthy on a budget,0,7,30,0.0,0.351
what do you do with disasters,0,6,29,0.419,0.0
simple recipes with frozen chicken thighs,0,6,41,0.0,0.0
breakfast and lunches with not microwave,0,6,40,0.0,0.0
tips for a mediterranean diet,0,5,29,0.0,0.0
ingredient question,0,2,19,0.0,0.0
due to some unexpected expenses i'll have just  for food this next month what can i buy for that,0,19,96,0.0,0.0
floaters in water after blanching kale,0,6,38,0.0,0.0
meals for a new mom to make,0,7,27,0.0,0.0
lazy but tasty no cook black bean corn salad,0,9,44,0.394,0.0
cheap and healthy for rv living,0,6,31,0.0,0.351
can frozen mixed veggies alone serve as the vegetable component of your diet,0,13,76,0.143,0.0
meals that can be made fully from convenience store food,0,10,56,0.0,0.0
do you find whole chickens worth it,0,7,35,0.0,0.241
what's the cheapest but most effective way to remove microplastics from tap water,0,13,81,0.0,0.277
meals to make for college students,0,6,34,0.0,0.0
can a food budget of under  annually be feasible,0,9,48,0.0,0.0
recipe request   costa rican gallo pinto,0,6,40,0.0,0.0
a cheap tasty pick me up that's not unhealthy,0,9,45,0.0,0.284
taco bowl meal prep,0,4,19,0.0,0.0
lunches that don't require refrigeration or microwave,0,7,53,0.0,0.0
canned fish,0,2,11,0.0,0.0
freezing yoghurt,0,2,16,0.583,0.0
how to budget  for food for next  days for  people,0,10,50,0.0,0.0
easy veg weeknight dinner,0,4,25,0.0,0.492
meal ideas for an apartment with no kitchen,0,8,43,0.239,0.0
party food for kids birthday party  adults and  kids  years old and under please help some dietary restrictions,0,18,111,0.0,0.426
cheap peanut butter substitutes,0,4,31,0.0,0.0
freezer meals for a friend in need,0,7,34,0.0,0.39
vegan stoner food,0,3,17,0.0,0.0
ramen hacks ramen eggs and,0,5,26,0.0,0.0
college cooking,0,2,15,0.0,0.0
some apple cider vinegar receipes,0,5,33,0.0,0.0
quick frozen veggie snacks,0,4,26,0.0,0.0
air fryer high protein vegetarian dishes,0,6,40,0.0,0.0
spend more at the grocery store if itll prevent you from eating out,0,13,67,0.0,0.084
instant and cheap option when i have no lunch,0,9,45,0.239,0.0
is it possible to unsalt peanuts,0,6,32,0.0,0.0
fears around raw meat,0,4,21,0.483,0.0
where to buy crispbreadbulk bin for seeds,0,7,41,0.0,0.0
i'm glad customers of soylent aren't partaking in cannibalism,0,9,61,0.0,0.273
healthy cook out foodsmenu plan,0,5,31,0.0,0.403
ramen with a twist,0,4,18,0.0,0.0
struggling to start eating healthier,0,5,36,0.412,0.0
grocery price comparison tool,0,4,29,0.0,0.0
need help on low to no sugar diet,0,8,33,0.358,0.225
keeping track of food,0,4,21,0.0,0.0
has anyone tried replacing greek yogurt w sour cream can you tell me the difference,0,15,83,0.0,0.0
need new protein tired of chicken breast,0,7,40,0.326,0.0
pineapple  cooked buckwheat is a healthy cheap and insanely delicious treat wo added sugars,0,14,91,0.0,0.476
stuck on eating cheap and healthy foods with minimal time to make,0,12,65,0.136,0.184
how to spice up a can of beans,0,8,30,0.0,0.0
cooking now for ,0,3,16,0.0,0.0
what i made with kitchen staples   one pot edition,0,9,50,0.0,0.0
is it healthy to eat bagels and eggs every day looking for cheap quick food options for lunch,0,18,93,0.0,0.137
lower cholesterol and sodium ideas,0,5,34,0.355,0.0
new level joke,0,3,14,0.0,0.524
craving desserts,0,2,16,0.0,0.0
super easy way to make rice taste better,0,8,40,0.0,0.66
will attend summer school abroad for one week dinners aren't included in the scholarship any suggestions on food to pack i don't have check in luggage so i dont have to check in every night,0,35,189,0.0,0.0
 yo boxerweight lifter looking for cheap high protein recipes,0,9,61,0.0,0.0
cheap gluten free recipes i can learn for university,0,9,52,0.0,0.32
is there any basic stuff that i dont have to prepare too much to enjoy,0,15,70,0.0,0.198
veggie pasta inquiry,0,3,20,0.0,0.0
what is your favorite lowno carb snackfood no meat,0,9,50,0.18,0.246
help cooking rice,0,3,17,0.0,0.574
need cheap meal ideas for the wife and i,0,9,40,0.0,0.0
extremely easy fast meal to make every day,0,8,42,0.0,0.313
how to eat cheap and healthy when you dont have a lot of free time,0,15,66,0.0,0.333
suggestion for quick and delicious multicooker recipe,0,7,53,0.0,0.381
my week saver  ingredients  pot  meals,0,6,38,0.0,0.0
are mandarin oranges good for a snack,0,7,37,0.0,0.367
tofu recipes,0,2,12,0.0,0.0
capers,0,1,6,0.0,0.0
cauliflower rice,0,2,16,0.0,0.0
so not exactly the correct place but worths shot,0,9,48,0.0,0.0
what can you do with carrots ,0,6,29,0.0,0.0
whats the difference with shopping at aldi,0,7,42,0.0,0.0
chipped beef on toast sos,0,5,25,0.0,0.0
cheaphealthyeasy to prep on vacation,0,5,36,0.0,0.0
my first meal prep,0,4,18,0.0,0.0
looking for help with meal planning with little vegetables,0,9,58,0.0,0.252
student on a budget need help loosing weight,0,8,44,0.0,0.31
just starting,0,2,13,0.0,0.0
ways to reheatcook broccoli,0,4,27,0.0,0.0
uses for hotdogs for people who don't like hotdogs,0,9,50,0.209,0.0
easy meals for someone with physical limitations,0,7,48,0.0,0.326
what are your favorite low cholesterol meal preps,0,8,49,0.189,0.27
how do i make a meal more fillinglast longer without carbs,0,11,58,0.0,0.0
asking after meatless monday recipes with relatively low carbs,0,9,62,0.208,0.0
what are your tips on not getting burnt out on your healthy journey be it consistent weight loss consistent cookingi need tips,0,22,126,0.092,0.108
cheap  day diet plan for a newbie triathlete,0,8,44,0.0,0.0
is amazon prime pantry a good place to get cheap food  is it cheaper or comparable to walmart or aldi does anyone have any experience with it,0,27,141,0.0,0.161
is it safe to eat instant oatmeal in my protein shake without heating it,0,14,72,0.102,0.175
some meal ideas for those who hate to cook,0,9,42,0.316,0.0
day meal plan with vegetarian substitutes,0,6,41,0.0,0.0
is about  for  meals  snacks x  people for  days decent spending wise,0,12,69,0.0,0.237
any low carb high protein meals for pescatarians,0,8,48,0.231,0.0
any alternative to chips and junk when studying in library for longer hours,0,13,75,0.0,0.0
mild meal prep tips,0,4,19,0.0,0.0
whats a food you were surprised at the calories,0,9,47,0.0,0.213
simple jello ideas,0,3,18,0.0,0.0
ground turkey and ,0,3,18,0.0,0.0
thrive market,0,2,13,0.0,0.0
recipes with the specific ingredients given,0,6,43,0.0,0.0
my easy hemp chai recipe video,0,6,30,0.0,0.367
i am trying to eat cheap healthy and good for the climate looking for some pointers,0,16,83,0.0,0.301
i sometimes travel for a week or two and try to stay at places with at least a basic kitchenette ideas on how to shopprepare cheap and healthy meals with minimal prep and more importantly minimal waste for just a week or two i dont eat red meat love spicy foods and am open to whatever else,0,57,290,0.051,0.157
feeding child with diet needs,0,5,29,0.0,0.0
bbq recipes,0,2,11,0.0,0.0
the great chili thread is chili intrinsically healthy what are your inexpensive healthy chili recipes what healthy toppings or sides to you prefer,0,23,146,0.0,0.391
 year old lookin to lose weight for the summer,0,9,46,0.252,0.0
what are some healthy alternatives to rice as a side dish,0,11,57,0.0,0.231
i eat instant noodles twice a week with eggs and veggies would this affect my health drastically,0,17,96,0.0,0.0
where can i find a meal plan do any of you want to share,0,14,56,0.0,0.259
spicy v,0,2,7,0.0,0.0
looking to burn fat how does this meal plan look,0,10,48,0.0,0.0
big batch pre fried rice,0,5,24,0.0,0.0
too much quiche filling,0,4,23,0.0,0.0
can i make a few servings of a smoothie and save it for later,0,14,61,0.0,0.242
i have food looking for recipes,0,6,31,0.0,0.0
homemade sloppy joe mix,0,4,23,0.0,0.0
how do i avoid waking up hungry in the middle of the night,0,13,58,0.167,0.0
moving to an expensive area   what are some of your fave cheapeasy recipes,0,13,74,0.0,0.195
how much do you pay for a dozen eggs where you live,0,12,51,0.123,0.0
what to make with chia flour,0,6,28,0.0,0.0
true  min hands on time meals,0,6,29,0.0,0.359
walmart substituted sprouts for two large heads of cabbage what are some things i can cook that are mainly cabbage,0,20,114,0.0,0.0
what are some good salad recipes for breakfast to keep you filled for  hours,0,14,76,0.0,0.182
